Indicativo;31/01/2020;29/02/2020;31/03/2020;30/04/2020;31/05/2020;30/06/2020;31/07/2020;31/08/2020;30/09/2020;31/10/2020;30/11/2020;31/12/2020;anual;AÃ±o;31/01/2021;28/02/2021;31/03/2021;30/04/2021;31/05/2021;30/06/2021;31/07/2021;31/08/2021;30/09/2021;31/10/2021;30/11/2021;31/12/2021;31/01/2022;28/02/2022;31/03/2022;30/04/2022;31/05/2022;30/06/2022;31/07/2022;31/08/2022;30/09/2022;31/10/2022;30/11/2022;31/12/2022;31/01/2023;28/02/2023;31/03/2023;30/04/2023;31/05/2023;30/06/2023;31/07/2023;31/08/2023;30/09/2023;31/10/2023;30/11/2023;31/12/2023;31/01/2024;29/02/2024;31/03/2024;30/04/2024;31/05/2024;30/06/2024;31/07/2024;31/08/2024;30/09/2024;31/10/2024;30/11/2024;31/12/2024
1387;11.5;13.3;12.5;14.4;17.6;17.6;19.5;20.2;19.5;16.0;14.8;11.6;15.7;2020;;;;;;;;;;;;;;;;;;;;;;;;;;;;;;;;;;;;;;;;;;;;;;;;
1387E;9.9;12.0;11.3;13.5;16.9;16.5;19.6;19.4;18.4;14.5;13.0;9.9;14.6;2020;;;;;;;;;;;;;;;;;;;;;;;;;;;;;;;;;;;;;;;;;;;;;;;;
1428;8.2;10.4;10.3;12.2;16.9;16.1;20.9;19.6;18.8;13.5;12.5;8.7;14.0;2020;;;;;;;;;;;;;;;;;;;;;;;;;;;;;;;;;;;;;;;;;;;;;;;;
8175;5.8;9.9;9.9;13.1;17.6;21.8;26.6;25.9;20.2;13.6;11.2;6.4;15.2;2020;;;;;;;;;;;;;;;;;;;;;;;;;;;;;;;;;;;;;;;;;;;;;;;;
8178D;7.0;11.5;10.8;13.9;18.7;22.6;27.2;26.7;21.1;14.6;12.2;7.4;16.1;2020;;;;;;;;;;;;;;;;;;;;;;;;;;;;;;;;;;;;;;;;;;;;;;;;
8025;11.7;14.9;15.2;16.6;21.1;23.6;26.6;27.1;23.9;19.3;16.7;13.2;19.2;2020;;;;;;;;;;;;;;;;;;;;;;;;;;;;;;;;;;;;;;;;;;;;;;;;
8019;11.4;14.4;14.6;16.0;20.5;23.1;26.3;27.0;23.8;19.1;16.7;12.7;18.8;2020;;;;;;;;;;;;;;;;;;;;;;;;;;;;;;;;;;;;;;;;;;;;;;;;
6325O;12.5;14.5;16.0;;22.0;22.5;28.5;27.3;24.9;19.2;17.6;14.1;;2020;;;;;;;;;;;;;;;;;;;;;;;;;;;;;;;;;;;;;;;;;;;;;;;;
9091O;5.5;9.0;8.5;12.8;15.7;17.0;19.6;20.3;17.3;11.9;9.8;6.4;12.8;2020;;;;;;;;;;;;;;;;;;;;;;;;;;;;;;;;;;;;;;;;;;;;;;;;
1212E;10.1;12.1;10.8;13.5;15.9;16.4;18.7;19.4;18.0;14.8;;;;2020;;;;;;;;;;;;;;;;;;;;;;;;;;;;;;;;;;;;;;;;;;;;;;;;
1208H;11.5;12.9;12.3;14.8;17.2;18.0;20.4;21.0;19.3;16.2;14.8;11.4;15.8;2020;;;;;;;;;;;;;;;;;;;;;;;;;;;;;;;;;;;;;;;;;;;;;;;;
1249I;9.1;12.0;10.5;13.6;16.9;16.7;19.5;19.7;18.1;13.9;12.7;8.7;14.3;2020;;;;;;;;;;;;;;;;;;;;;;;;;;;;;;;;;;;;;;;;;;;;;;;;
2444;5.0;8.6;7.8;10.6;16.0;18.1;23.9;21.0;17.2;10.9;9.5;4.7;12.8;2020;;;;;;;;;;;;;;;;;;;;;;;;;;;;;;;;;;;;;;;;;;;;;;;;
4452;9.5;12.7;13.8;16.0;21.6;22.6;29.1;26.2;23.8;17.2;14.5;10.2;18.1;2020;;;;;;;;;;;;;;;;;;;;;;;;;;;;;;;;;;;;;;;;;;;;;;;;
B954;11.1;12.4;13.6;15.4;;22.5;25.8;26.4;23.2;19.1;16.9;12.8;;2020;;;;;;;;;;;;;;;;;;;;;;;;;;;;;;;;;;;;;;;;;;;;;;;;
B893;11.7;12.8;13.1;15.9;19.8;21.9;25.4;25.7;22.9;17.7;16.3;12.1;17.9;2020;;;;;;;;;;;;;;;;;;;;;;;;;;;;;;;;;;;;;;;;;;;;;;;;
B278;10.8;12.0;13.2;16.1;19.9;22.3;26.1;25.8;22.6;17.2;15.6;11.4;17.8;2020;;;;;;;;;;;;;;;;;;;;;;;;;;;;;;;;;;;;;;;;;;;;;;;;
B228;13.1;14.3;14.9;17.3;21.1;23.2;27.2;27.2;24.1;19.3;17.7;13.8;19.4;2020;;;;;;;;;;;;;;;;;;;;;;;;;;;;;;;;;;;;;;;;;;;;;;;;
0200E;10.1;12.8;11.9;14.4;19.5;20.1;25.0;25.5;21.8;16.4;14.7;9.3;16.8;2020;;;;;;;;;;;;;;;;;;;;;;;;;;;;;;;;;;;;;;;;;;;;;;;;
76;10.6;13.1;13.1;15.4;20.0;21.7;25.5;26.2;22.4;17.3;14.9;10.8;17.6;2020;;;;;;;;;;;;;;;;;;;;;;;;;;;;;;;;;;;;;;;;;;;;;;;;
1082;10.4;12.7;11.2;15.7;18.1;18.4;21.0;22.2;20.4;15.2;14.5;10.4;15.9;2020;;;;;;;;;;;;;;;;;;;;;;;;;;;;;;;;;;;;;;;;;;;;;;;;
2331;4.2;7.7;7.3;11.2;14.7;16.1;20.5;19.9;16.1;10.4;8.5;4.6;11.8;2020;;;;;;;;;;;;;;;;;;;;;;;;;;;;;;;;;;;;;;;;;;;;;;;;
3469A;8.5;12.0;12.4;14.6;19.9;22.1;29.1;26.1;22.8;16.2;13.6;9.0;17.2;2020;;;;;;;;;;;;;;;;;;;;;;;;;;;;;;;;;;;;;;;;;;;;;;;;
5973;13.3;16.1;16.1;17.6;21.3;22.4;26.5;25.6;24.5;19.8;18.4;14.7;19.7;2020;;;;;;;;;;;;;;;;;;;;;;;;;;;;;;;;;;;;;;;;;;;;;;;;
5960;10.5;;14.3;16.5;20.9;21.9;;26.1;23.9;17.9;16.3;;;2020;;;;;;;;;;;;;;;;;;;;;;;;;;;;;;;;;;;;;;;;;;;;;;;;
5910;11.8;15.2;15.4;17.0;21.0;21.9;26.6;25.4;24.0;18.9;17.1;13.1;19.0;2020;;;;;;;;;;;;;;;;;;;;;;;;;;;;;;;;;;;;;;;;;;;;;;;;
6001;12.4;14.0;;;;;23.7;23.4;22.4;18.1;17.0;13.5;;2020;;;;;;;;;;;;;;;;;;;;;;;;;;;;;;;;;;;;;;;;;;;;;;;;
1111;11.5;12.8;11.6;14.8;16.8;17.5;20.2;20.9;19.4;16.0;15.2;11.4;15.7;2020;;;;;;;;;;;;;;;;;;;;;;;;;;;;;;;;;;;;;;;;;;;;;;;;
1109;10.6;12.7;;;17.8;18.4;21.0;21.4;19.9;15.9;14.6;11.0;;2020;;;;;;;;;;;;;;;;;;;;;;;;;;;;;;;;;;;;;;;;;;;;;;;;
8500A;11.2;14.4;14.1;16.4;21.2;23.1;26.6;26.8;23.6;18.8;15.5;12.1;18.7;2020;;;;;;;;;;;;;;;;;;;;;;;;;;;;;;;;;;;;;;;;;;;;;;;;
5000C;14.3;16.0;15.9;16.6;20.3;22.3;25.0;26.0;23.6;19.4;17.6;15.0;19.3;2020;;;;;;;;;;;;;;;;;;;;;;;;;;;;;;;;;;;;;;;;;;;;;;;;
4121;6.7;10.7;11.7;14.6;20.2;23.4;29.0;26.6;21.5;14.7;11.5;7.4;16.5;2020;;;;;;;;;;;;;;;;;;;;;;;;;;;;;;;;;;;;;;;;;;;;;;;;
5402;10.2;14.2;14.7;16.8;22.4;24.7;30.8;28.4;24.7;17.9;15.3;10.1;19.2;2020;;;;;;;;;;;;;;;;;;;;;;;;;;;;;;;;;;;;;;;;;;;;;;;;
8096;6.2;10.0;9.5;12.5;17.7;20.6;25.9;24.5;19.4;12.5;10.9;5.7;14.6;2020;;;;;;;;;;;;;;;;;;;;;;;;;;;;;;;;;;;;;;;;;;;;;;;;
1014;9.9;12.8;11.7;16.0;18.4;18.9;21.9;22.6;20.2;15.3;13.8;10.2;16.0;2020;;;;;;;;;;;;;;;;;;;;;;;;;;;;;;;;;;;;;;;;;;;;;;;;
1024E;9.8;12.2;10.5;14.7;16.9;16.9;19.7;20.8;18.8;14.3;13.8;9.2;14.8;2020;;;;;;;;;;;;;;;;;;;;;;;;;;;;;;;;;;;;;;;;;;;;;;;;
367;8.0;11.0;10.7;13.7;19.1;;;25.2;;;12.6;8.1;;2020;;;;;;;;;;;;;;;;;;;;;;;;;;;;;;;;;;;;;;;;;;;;;;;;
5530E;7.2;11.4;12.2;14.4;20.2;22.7;28.8;26.7;22.3;15.3;13.1;8.1;16.9;2020;;;;;;;;;;;;;;;;;;;;;;;;;;;;;;;;;;;;;;;;;;;;;;;;
5514;7.3;11.3;12.0;13.5;19.0;22.1;27.9;26.5;21.6;15.5;12.9;7.7;16.4;2020;;;;;;;;;;;;;;;;;;;;;;;;;;;;;;;;;;;;;;;;;;;;;;;;
3013;3.3;7.7;7.4;11.2;15.4;17.3;21.9;20.4;15.6;9.5;7.9;3.7;11.8;2020;;;;;;;;;;;;;;;;;;;;;;;;;;;;;;;;;;;;;;;;;;;;;;;;
4642E;11.8;15.1;15.0;17.0;21.5;22.7;27.5;26.8;24.1;18.8;16.7;12.6;19.1;2020;;;;;;;;;;;;;;;;;;;;;;;;;;;;;;;;;;;;;;;;;;;;;;;;
9898;4.8;10.3;9.8;13.5;18.4;20.3;25.1;24.9;20.4;13.3;10.8;5.8;14.8;2020;;;;;;;;;;;;;;;;;;;;;;;;;;;;;;;;;;;;;;;;;;;;;;;;
5270B;9.1;14.0;13.7;15.4;21.4;23.8;30.3;;23.9;17.5;14.6;9.2;;2020;;;;;;;;;;;;;;;;;;;;;;;;;;;;;;;;;;;;;;;;;;;;;;;;
9170;5.7;;10.2;13.5;;19.6;23.7;23.3;19.8;13.5;10.3;6.9;;2020;;;;;;;;;;;;;;;;;;;;;;;;;;;;;;;;;;;;;;;;;;;;;;;;
C249I;17.6;19.3;19.0;20.3;21.8;23.6;25.0;25.6;24.9;;21.4;19.2;;2020;;;;;;;;;;;;;;;;;;;;;;;;;;;;;;;;;;;;;;;;;;;;;;;;
C649I;17.8;20.2;18.9;20.2;;23.4;;;25.4;23.4;21.7;19.2;;2020;;;;;;;;;;;;;;;;;;;;;;;;;;;;;;;;;;;;;;;;;;;;;;;;
C029O;17.3;19.9;19.0;;22.4;;25.6;26.2;26.1;23.4;;18.7;;2020;;;;;;;;;;;;;;;;;;;;;;;;;;;;;;;;;;;;;;;;;;;;;;;;
2661;3.5;7.7;8.3;11.0;15.7;16.3;22.2;19.3;17.2;10.9;9.2;4.3;12.1;2020;;;;;;;;;;;;;;;;;;;;;;;;;;;;;;;;;;;;;;;;;;;;;;;;
1549;5.8;10.3;11.3;13.7;19.3;18.7;24.9;21.5;19.5;12.8;11.0;6.4;14.6;2020;;;;;;;;;;;;;;;;;;;;;;;;;;;;;;;;;;;;;;;;;;;;;;;;
9771C;5.5;10.7;11.8;15.2;20.5;22.2;26.7;26.4;21.5;14.9;11.2;6.6;16.1;2020;;;;;;;;;;;;;;;;;;;;;;;;;;;;;;;;;;;;;;;;;;;;;;;;
1505;7.4;10.3;9.8;12.7;16.6;16.2;19.4;19.2;17.5;12.7;10.7;7.2;13.3;2020;;;;;;;;;;;;;;;;;;;;;;;;;;;;;;;;;;;;;;;;;;;;;;;;
3191E;5.9;9.2;9.2;11.4;;19.8;26.1;23.5;19.1;12.1;10.2;5.3;;2020;;;;;;;;;;;;;;;;;;;;;;;;;;;;;;;;;;;;;;;;;;;;;;;;
3129;6.7;9.9;11.2;13.9;19.5;22.5;28.2;25.5;20.7;13.4;10.3;6.5;15.7;2020;;;;;;;;;;;;;;;;;;;;;;;;;;;;;;;;;;;;;;;;;;;;;;;;
3196;7.2;11.0;;13.9;19.5;22.7;28.5;25.8;21.3;14.3;11.6;7.2;;2020;;;;;;;;;;;;;;;;;;;;;;;;;;;;;;;;;;;;;;;;;;;;;;;;
3200;7.0;10.6;11.3;13.9;20.0;23.1;29.1;26.3;21.8;14.4;11.7;7.3;16.4;2020;;;;;;;;;;;;;;;;;;;;;;;;;;;;;;;;;;;;;;;;;;;;;;;;
3195;7.0;10.9;11.4;13.8;19.7;22.5;28.2;25.5;20.9;13.8;11.2;7.2;16.0;2020;;;;;;;;;;;;;;;;;;;;;;;;;;;;;;;;;;;;;;;;;;;;;;;;
3175;5.9;9.2;10.2;13.3;18.5;21.2;27.2;24.6;20.1;13.1;10.4;5.9;15.0;2020;;;;;;;;;;;;;;;;;;;;;;;;;;;;;;;;;;;;;;;;;;;;;;;;
2462;2.2;5.8;2.9;4.9;11.3;12.8;20.2;17.0;12.9;6.1;6.2;-0.3;8.5;2020;;;;;;;;;;;;;;;;;;;;;;;;;;;;;;;;;;;;;;;;;;;;;;;;
6155A;12.6;15.6;16.2;16.9;20.8;;26.8;28.2;24.2;19.0;16.8;13.6;;2020;;;;;;;;;;;;;;;;;;;;;;;;;;;;;;;;;;;;;;;;;;;;;;;;
6000A;13.8;15.7;16.3;;20.8;23.2;26.1;27.5;24.5;19.9;18.0;15.0;;2020;;;;;;;;;;;;;;;;;;;;;;;;;;;;;;;;;;;;;;;;;;;;;;;;
7178I;11.3;15.2;15.6;17.0;22.2;25.3;28.4;29.1;24.9;19.5;17.0;12.5;19.8;2020;;;;;;;;;;;;;;;;;;;;;;;;;;;;;;;;;;;;;;;;;;;;;;;;
7228;10.1;14.3;15.1;16.5;21.5;24.7;27.6;28.5;24.0;18.5;16.1;11.3;19.0;2020;;;;;;;;;;;;;;;;;;;;;;;;;;;;;;;;;;;;;;;;;;;;;;;;
7031;10.8;14.0;14.9;16.4;20.3;22.8;25.9;26.5;23.7;18.3;16.3;12.0;18.5;2020;;;;;;;;;;;;;;;;;;;;;;;;;;;;;;;;;;;;;;;;;;;;;;;;
9262;6.7;10.5;;;;;;22.8;19.3;13.1;10.9;6.6;;2020;;;;;;;;;;;;;;;;;;;;;;;;;;;;;;;;;;;;;;;;;;;;;;;;
9263D;5.8;9.2;;;17.5;;22.3;22.7;18.9;12.5;9.7;5.9;;2020;;;;;;;;;;;;;;;;;;;;;;;;;;;;;;;;;;;;;;;;;;;;;;;;
1690A;8.2;12.4;12.7;14.9;20.0;19.9;25.2;22.7;20.8;14.6;13.1;8.9;16.1;2020;;;;;;;;;;;;;;;;;;;;;;;;;;;;;;;;;;;;;;;;;;;;;;;;
1484C;9.9;12.5;12.3;13.9;18.2;17.6;22.7;20.1;19.8;14.6;13.7;9.6;15.4;2020;;;;;;;;;;;;;;;;;;;;;;;;;;;;;;;;;;;;;;;;;;;;;;;;
1495;9.1;12.1;11.7;13.3;18.3;17.2;;;19.9;14.1;12.9;8.9;;2020;;;;;;;;;;;;;;;;;;;;;;;;;;;;;;;;;;;;;;;;;;;;;;;;
2867;4.8;7.9;8.6;11.9;17.0;18.8;23.7;20.9;17.8;11.8;9.7;5.3;13.2;2020;;;;;;;;;;;;;;;;;;;;;;;;;;;;;;;;;;;;;;;;;;;;;;;;
2870;6.3;9.9;10.1;13.2;18.5;19.8;25.3;22.8;19.5;13.3;11.2;6.7;14.7;2020;;;;;;;;;;;;;;;;;;;;;;;;;;;;;;;;;;;;;;;;;;;;;;;;
C929I;19.2;20.3;19.3;20.8;21.6;23.2;23.4;24.2;24.6;23.7;22.0;19.9;21.9;2020;;;;;;;;;;;;;;;;;;;;;;;;;;;;;;;;;;;;;;;;;;;;;;;;
C430E;5.1;7.8;6.0;6.8;12.3;14.1;20.5;18.8;16.6;12.1;8.2;4.6;11.1;2020;;;;;;;;;;;;;;;;;;;;;;;;;;;;;;;;;;;;;;;;;;;;;;;;
C139E;18.2;20.2;18.7;19.8;20.9;22.8;23.3;24.5;24.4;23.2;;19.2;;2020;;;;;;;;;;;;;;;;;;;;;;;;;;;;;;;;;;;;;;;;;;;;;;;;
C449C;18.7;20.4;19.2;21.0;22.4;24.1;26.4;26.7;25.6;23.7;22.3;19.8;22.5;2020;;;;;;;;;;;;;;;;;;;;;;;;;;;;;;;;;;;;;;;;;;;;;;;;
C447A;14.0;16.9;14.9;;18.2;19.2;21.4;22.6;22.5;19.3;17.9;14.5;;2020;;;;;;;;;;;;;;;;;;;;;;;;;;;;;;;;;;;;;;;;;;;;;;;;
C429I;18.5;21.2;19.3;20.2;21.9;23.9;24.8;25.9;25.6;24.0;;19.4;;2020;;;;;;;;;;;;;;;;;;;;;;;;;;;;;;;;;;;;;;;;;;;;;;;;
2465;5.6;9.5;8.6;11.3;16.5;18.5;24.1;21.9;18.2;11.7;10.3;5.1;13.4;2020;;;;;;;;;;;;;;;;;;;;;;;;;;;;;;;;;;;;;;;;;;;;;;;;
5796;10.4;14.1;14.4;16.3;21.5;23.3;29.4;27.7;25.3;19.0;16.8;11.9;19.2;2020;;;;;;;;;;;;;;;;;;;;;;;;;;;;;;;;;;;;;;;;;;;;;;;;
5783;11.4;16.0;16.1;17.7;23.2;;;28.9;26.0;19.8;17.1;11.9;;2020;;;;;;;;;;;;;;;;;;;;;;;;;;;;;;;;;;;;;;;;;;;;;;;;
2030;5.0;8.7;7.9;11.0;16.0;17.2;22.4;20.9;16.8;10.7;9.0;4.1;12.5;2020;;;;;;;;;;;;;;;;;;;;;;;;;;;;;;;;;;;;;;;;;;;;;;;;
0016A;9.0;12.5;12.4;14.8;19.6;21.6;25.8;26.3;21.9;16.9;13.8;9.9;17.0;2020;;;;;;;;;;;;;;;;;;;;;;;;;;;;;;;;;;;;;;;;;;;;;;;;
9981A;9.8;14.6;14.2;16.2;21.7;23.2;27.7;28.0;24.1;18.7;15.0;11.2;18.7;2020;;;;;;;;;;;;;;;;;;;;;;;;;;;;;;;;;;;;;;;;;;;;;;;;
9381I;4.4;8.6;8.4;12.3;16.4;18.4;22.8;22.1;17.2;11.4;8.6;4.9;13.0;2020;;;;;;;;;;;;;;;;;;;;;;;;;;;;;;;;;;;;;;;;;;;;;;;;
8368U;4.8;9.0;8.9;12.8;16.9;19.9;24.5;23.6;18.1;11.8;9.6;5.1;13.8;2020;;;;;;;;;;;;;;;;;;;;;;;;;;;;;;;;;;;;;;;;;;;;;;;;
3260B;7.6;10.8;12.0;14.7;20.6;23.6;29.6;26.9;22.2;15.4;12.1;8.1;17.0;2020;;;;;;;;;;;;;;;;;;;;;;;;;;;;;;;;;;;;;;;;;;;;;;;;
8416;11.9;15.6;14.8;16.4;21.3;23.2;26.3;27.1;23.7;19.5;16.0;13.0;19.1;2020;;;;;;;;;;;;;;;;;;;;;;;;;;;;;;;;;;;;;;;;;;;;;;;;
8414A;10.4;14.5;13.7;16.1;20.8;23.3;26.4;27.0;23.4;18.4;15.1;11.5;18.4;2020;;;;;;;;;;;;;;;;;;;;;;;;;;;;;;;;;;;;;;;;;;;;;;;;
2422;4.6;9.6;9.9;13.1;17.8;19.6;24.7;22.7;19.2;12.8;10.1;5.8;14.2;2020;;;;;;;;;;;;;;;;;;;;;;;;;;;;;;;;;;;;;;;;;;;;;;;;
2539;3.9;7.9;8.3;11.0;15.8;17.4;22.7;20.7;17.7;11.2;9.1;;;2020;;;;;;;;;;;;;;;;;;;;;;;;;;;;;;;;;;;;;;;;;;;;;;;;
2614;5.0;9.7;10.3;13.1;18.8;20.1;25.4;23.1;19.8;13.0;9.8;;;2020;;;;;;;;;;;;;;;;;;;;;;;;;;;;;;;;;;;;;;;;;;;;;;;;
9390;4.7;9.1;9.0;12.9;17.2;19.2;23.4;23.2;18.2;12.4;9.3;5.6;13.7;2020;;;;;;;;;;;;;;;;;;;;;;;;;;;;;;;;;;;;;;;;;;;;;;;;
9434;6.5;11.5;11.6;15.7;20.5;22.3;26.6;26.2;21.9;15.4;11.6;7.9;16.5;2020;;;;;;;;;;;;;;;;;;;;;;;;;;;;;;;;;;;;;;;;;;;;;;;;
1387;;;;;;;;;;;;;15.2;2021;10.2;12.8;12.6;14.0;14.8;16.6;19.1;19.9;19.6;16.9;12.4;13.7;;;;;;;;;;;;;;;;;;;;;;;;;;;;;;;;;;;;
1387E;;;;;;;;;;;;;14.1;2021;8.6;11.7;10.8;12.9;13.5;16.4;18.5;19.5;18.8;15.7;10.6;12.2;;;;;;;;;;;;;;;;;;;;;;;;;;;;;;;;;;;;
1428;;;;;;;;;;;;;13.2;2021;7.3;10.4;10.6;12.0;12.8;16.4;17.7;18.6;17.6;14.6;9.5;10.6;;;;;;;;;;;;;;;;;;;;;;;;;;;;;;;;;;;;
8175;;;;;;;;;;;;;15.1;2021;3.5;9.7;9.3;12.1;17.7;21.9;26.0;26.6;21.4;16.6;8.2;8.6;;;;;;;;;;;;;;;;;;;;;;;;;;;;;;;;;;;;
8178D;;;;;;;;;;;;;15.8;2021;4.2;10.4;10.3;12.8;18.4;22.6;26.8;26.9;21.9;17.4;9.1;9.3;;;;;;;;;;;;;;;;;;;;;;;;;;;;;;;;;;;;
8025;;;;;;;;;;;;;19.0;2021;12.0;14.5;13.9;16.0;20.1;23.5;26.2;27.3;25.3;20.5;15.0;14.2;;;;;;;;;;;;;;;;;;;;;;;;;;;;;;;;;;;;
8019;;;;;;;;;;;;;;2021;11.7;13.8;13.5;15.6;;23.0;25.9;27.0;;20.3;;13.8;;;;;;;;;;;;;;;;;;;;;;;;;;;;;;;;;;;;
6325O;;;;;;;;;;;;;19.8;2021;12.5;15.1;15.6;17.6;20.3;24.0;26.1;27.6;26.0;21.8;16.1;14.7;;;;;;;;;;;;;;;;;;;;;;;;;;;;;;;;;;;;
9091O;;;;;;;;;;;;;12.1;2021;4.9;9.3;8.5;9.7;13.0;17.1;19.0;19.3;18.5;12.3;7.3;6.7;;;;;;;;;;;;;;;;;;;;;;;;;;;;;;;;;;;;
1212E;;;;;;;;;;;;;;2021;8.5;11.6;;;13.3;16.0;17.9;18.9;18.4;15.5;;11.7;;;;;;;;;;;;;;;;;;;;;;;;;;;;;;;;;;;;
1208H;;;;;;;;;;;;;15.2;2021;10.2;13.0;12.2;13.2;15.0;17.8;19.6;20.4;19.3;16.8;12.2;12.6;;;;;;;;;;;;;;;;;;;;;;;;;;;;;;;;;;;;
1249I;;;;;;;;;;;;;13.5;2021;7.3;11.1;10.6;11.7;13.6;16.2;18.4;19.3;18.3;15.2;9.1;10.6;;;;;;;;;;;;;;;;;;;;;;;;;;;;;;;;;;;;
2444;;;;;;;;;;;;;12.1;2021;2.6;7.5;7.3;10.0;13.9;18.3;21.0;22.4;16.8;13.1;4.9;7.2;;;;;;;;;;;;;;;;;;;;;;;;;;;;;;;;;;;;
4452;;;;;;;;;;;;;17.5;2021;7.9;12.5;13.8;17.0;19.2;22.8;25.4;26.5;22.9;19.2;11.2;11.6;;;;;;;;;;;;;;;;;;;;;;;;;;;;;;;;;;;;
B954;;;;;;;;;;;;;18.3;2021;11.3;13.7;13.2;14.9;18.5;22.9;25.5;26.7;25.1;19.5;14.6;13.4;;;;;;;;;;;;;;;;;;;;;;;;;;;;;;;;;;;;
B893;;;;;;;;;;;;;17.4;2021;10.7;12.2;12.3;13.9;17.3;23.5;25.0;25.5;24.1;18.6;13.8;12.2;;;;;;;;;;;;;;;;;;;;;;;;;;;;;;;;;;;;
B278;;;;;;;;;;;;;17.5;2021;9.7;12.1;11.9;13.7;17.8;23.5;25.4;26.5;25.0;18.6;13.8;11.9;;;;;;;;;;;;;;;;;;;;;;;;;;;;;;;;;;;;
B228;;;;;;;;;;;;;19.2;2021;12.0;14.3;14.2;15.6;19.3;24.5;26.8;27.7;26.0;20.7;15.4;13.9;;;;;;;;;;;;;;;;;;;;;;;;;;;;;;;;;;;;
0200E;;;;;;;;;;;;;16.5;2021;7.7;11.6;12.1;13.0;17.3;23.3;24.9;24.5;22.9;18.1;11.4;10.9;;;;;;;;;;;;;;;;;;;;;;;;;;;;;;;;;;;;
0076;;;;;;;;;;;;;;2021;9.0;12.6;;13.9;17.9;23.8;;;23.8;;13.1;12.0;;;;;;;;;;;;;;;;;;;;;;;;;;;;;;;;;;;;
1082;;;;;;;;;;;;;15.0;2021;8.8;13.1;11.8;12.5;14.9;18.6;19.7;20.0;20.9;16.2;10.8;12.3;;;;;;;;;;;;;;;;;;;;;;;;;;;;;;;;;;;;
2331;;;;;;;;;;;;;11.0;2021;2.1;7.1;7.0;8.3;12.3;16.6;19.0;20.1;17.1;11.5;5.2;6.0;;;;;;;;;;;;;;;;;;;;;;;;;;;;;;;;;;;;
3469A;;;;;;;;;;;;;16.7;2021;7.2;11.3;12.1;15.3;18.3;22.6;25.6;26.9;21.8;18.3;10.4;11.1;;;;;;;;;;;;;;;;;;;;;;;;;;;;;;;;;;;;
5973;;;;;;;;;;;;;19.3;2021;12.1;15.6;16.2;18.3;20.5;22.5;24.6;25.0;24.0;21.8;15.4;15.3;;;;;;;;;;;;;;;;;;;;;;;;;;;;;;;;;;;;
5960;;;;;;;;;;;;;;2021;9.6;13.4;14.1;17.2;;22.5;25.6;26.2;23.7;20.4;;13.4;;;;;;;;;;;;;;;;;;;;;;;;;;;;;;;;;;;;
5910;;;;;;;;;;;;;18.6;2021;10.7;14.5;15.0;17.7;20.0;22.1;25.0;25.2;23.5;21.1;14.0;14.1;;;;;;;;;;;;;;;;;;;;;;;;;;;;;;;;;;;;
6001;;;;;;;;;;;;;;2021;;13.6;13.8;15.9;18.0;20.2;21.9;23.2;21.8;19.7;;13.9;;;;;;;;;;;;;;;;;;;;;;;;;;;;;;;;;;;;
1111;;;;;;;;;;;;;14.9;2021;9.6;13.3;12.3;12.6;14.2;17.5;18.9;19.7;19.5;16.8;11.9;12.4;;;;;;;;;;;;;;;;;;;;;;;;;;;;;;;;;;;;
1109;;;;;;;;;;;;;15.1;2021;9.2;13.1;12.3;13.1;15.2;18.5;19.8;20.1;20.1;16.4;11.7;12.0;;;;;;;;;;;;;;;;;;;;;;;;;;;;;;;;;;;;
8500A;;;;;;;;;;;;;18.3;2021;11.4;13.9;13.1;14.6;19.3;23.7;25.6;26.1;24.0;19.7;14.5;13.4;;;;;;;;;;;;;;;;;;;;;;;;;;;;;;;;;;;;
5000C;;;;;;;;;;;;;19.1;2021;13.4;14.9;15.2;17.0;19.9;21.9;25.1;25.5;23.8;21.1;16.1;15.2;;;;;;;;;;;;;;;;;;;;;;;;;;;;;;;;;;;;
4121;;;;;;;;;;;;;16.3;2021;5.6;10.5;11.3;14.1;18.9;23.7;27.2;27.5;21.7;17.1;8.9;8.5;;;;;;;;;;;;;;;;;;;;;;;;;;;;;;;;;;;;
5402;;;;;;;;;;;;;;2021;8.7;12.9;14.2;17.6;20.9;24.9;;28.9;24.8;20.5;11.9;11.3;;;;;;;;;;;;;;;;;;;;;;;;;;;;;;;;;;;;
8096;;;;;;;;;;;;;14.4;2021;4.1;8.8;9.7;11.6;16.4;21.0;24.8;25.6;19.8;15.3;7.6;7.8;;;;;;;;;;;;;;;;;;;;;;;;;;;;;;;;;;;;
1014;;;;;;;;;;;;;15.2;2021;8.2;13.3;11.9;13.5;15.4;19.4;20.5;20.7;20.6;16.5;11.0;11.3;;;;;;;;;;;;;;;;;;;;;;;;;;;;;;;;;;;;
1024E;;;;;;;;;;;;;13.8;2021;7.5;12.2;11.0;11.9;13.6;17.2;18.0;18.5;19.0;15.5;9.7;11.5;;;;;;;;;;;;;;;;;;;;;;;;;;;;;;;;;;;;
0367;;;;;;;;;;;;;;2021;6.4;;10.2;12.1;16.3;23.0;24.6;24.4;22.3;16.5;10.5;9.0;;;;;;;;;;;;;;;;;;;;;;;;;;;;;;;;;;;;
5530E;;;;;;;;;;;;;16.6;2021;7.2;10.8;11.6;14.4;18.8;23.0;27.0;27.2;22.8;18.1;9.4;9.2;;;;;;;;;;;;;;;;;;;;;;;;;;;;;;;;;;;;
5514;;;;;;;;;;;;;16.3;2021;7.0;10.7;11.1;13.8;18.2;22.3;26.6;26.9;22.4;17.9;9.4;9.3;;;;;;;;;;;;;;;;;;;;;;;;;;;;;;;;;;;;
3013;;;;;;;;;;;;;11.0;2021;-0.7;7.2;6.7;9.6;13.6;17.8;20.0;20.9;16.4;11.0;4.1;5.5;;;;;;;;;;;;;;;;;;;;;;;;;;;;;;;;;;;;
4642E;;;;;;;;;;;;;18.8;2021;10.6;13.9;15.2;17.7;20.5;22.5;25.9;26.3;24.0;21.3;14.0;14.1;;;;;;;;;;;;;;;;;;;;;;;;;;;;;;;;;;;;
9898;;;;;;;;;;;;;14.3;2021;4.0;9.8;10.4;11.9;16.2;21.5;23.9;24.1;20.6;15.1;8.2;6.0;;;;;;;;;;;;;;;;;;;;;;;;;;;;;;;;;;;;
5270B;;;;;;;;;;;;;;2021;8.5;12.3;13.6;15.7;;23.9;28.2;28.4;23.8;19.8;10.8;11.1;;;;;;;;;;;;;;;;;;;;;;;;;;;;;;;;;;;;
9170;;;;;;;;;;;;;14.3;2021;6.1;9.9;10.3;12.1;16.2;20.7;22.8;23.5;20.2;14.3;8.8;7.1;;;;;;;;;;;;;;;;;;;;;;;;;;;;;;;;;;;;
C249I;;;;;;;;;;;;;;2021;18.1;18.1;;;21.5;22.4;24.3;24.4;24.7;;20.1;;;;;;;;;;;;;;;;;;;;;;;;;;;;;;;;;;;;;
C649I;;;;;;;;;;;;;;2021;;18.3;;;;22.6;24.0;25.1;24.7;;20.4;19.1;;;;;;;;;;;;;;;;;;;;;;;;;;;;;;;;;;;;
C029O;;;;;;;;;;;;;;2021;17.5;17.6;;20.6;21.8;23.1;24.8;26.0;25.4;23.6;;18.5;;;;;;;;;;;;;;;;;;;;;;;;;;;;;;;;;;;;
2661;;;;;;;;;;;;;11.9;2021;3.3;6.7;8.3;10.4;13.1;17.3;19.4;20.6;16.8;13.2;6.6;7.1;;;;;;;;;;;;;;;;;;;;;;;;;;;;;;;;;;;;
1549;;;;;;;;;;;;;13.8;2021;4.7;8.9;10.7;13.5;15.2;19.2;21.4;22.6;18.6;14.7;7.7;8.0;;;;;;;;;;;;;;;;;;;;;;;;;;;;;;;;;;;;
9771C;;;;;;;;;;;;;15.8;2021;5.0;11.0;11.7;13.5;18.5;23.7;25.9;25.8;22.7;16.3;8.8;6.7;;;;;;;;;;;;;;;;;;;;;;;;;;;;;;;;;;;;
1505;;;;;;;;;;;;;12.5;2021;5.8;9.6;8.9;11.3;12.9;16.0;18.2;19.1;17.3;13.8;7.9;8.7;;;;;;;;;;;;;;;;;;;;;;;;;;;;;;;;;;;;
3191E;;;;;;;;;;;;;13.8;2021;4.1;8.1;9.3;10.9;15.5;20.3;23.7;25.1;18.6;15.1;7.4;7.9;;;;;;;;;;;;;;;;;;;;;;;;;;;;;;;;;;;;
3129;;;;;;;;;;;;;14.9;2021;3.2;9.3;10.0;12.7;17.6;22.4;25.0;26.2;20.5;15.5;8.2;8.0;;;;;;;;;;;;;;;;;;;;;;;;;;;;;;;;;;;;
3196;;;;;;;;;;;;;15.8;2021;4.6;10.3;11.4;13.6;18.2;22.7;25.8;27.2;21.0;16.8;9.2;9.0;;;;;;;;;;;;;;;;;;;;;;;;;;;;;;;;;;;;
3200;;;;;;;;;;;;;15.9;2021;3.7;10.5;11.4;13.5;18.4;23.0;26.1;27.6;21.3;17.0;9.3;9.0;;;;;;;;;;;;;;;;;;;;;;;;;;;;;;;;;;;;
3195;;;;;;;;;;;;;;2021;4.4;10.2;11.3;13.1;;22.3;25.7;27.1;20.7;16.4;8.9;9.1;;;;;;;;;;;;;;;;;;;;;;;;;;;;;;;;;;;;
3175;;;;;;;;;;;;;;2021;2.7;8.8;;11.6;16.2;20.6;23.3;;20.3;;8.1;7.7;;;;;;;;;;;;;;;;;;;;;;;;;;;;;;;;;;;;
2462;;;;;;;;;;;;;7.7;2021;-1.3;2.3;3.2;5.3;8.4;13.4;16.6;19.0;12.3;9.9;0.6;2.8;;;;;;;;;;;;;;;;;;;;;;;;;;;;;;;;;;;;
6155A;;;;;;;;;;;;;19.6;2021;12.4;14.7;14.9;17.6;20.4;23.9;27.3;27.5;24.9;21.1;15.4;14.8;;;;;;;;;;;;;;;;;;;;;;;;;;;;;;;;;;;;
6000A;;;;;;;;;;;;;;2021;13.9;15.4;15.2;17.2;20.1;22.7;26.3;26.4;24.4;;16.3;15.3;;;;;;;;;;;;;;;;;;;;;;;;;;;;;;;;;;;;
7178I;;;;;;;;;;;;;19.7;2021;11.3;14.8;14.3;16.8;21.2;24.7;28.6;29.1;26.2;21.0;14.6;13.7;;;;;;;;;;;;;;;;;;;;;;;;;;;;;;;;;;;;
7228;;;;;;;;;;;;;19.2;2021;10.4;14.0;13.8;16.6;20.9;24.3;28.2;28.9;25.9;20.3;14.1;13.2;;;;;;;;;;;;;;;;;;;;;;;;;;;;;;;;;;;;
7031;;;;;;;;;;;;;18.3;2021;11.1;13.5;13.4;16.0;18.9;22.5;25.5;26.5;24.3;20.0;14.3;13.6;;;;;;;;;;;;;;;;;;;;;;;;;;;;;;;;;;;;
9263D;;;;;;;;;;;;;;2021;4.8;9.8;9.3;10.6;14.4;18.9;;21.6;19.6;13.6;;5.5;;;;;;;;;;;;;;;;;;;;;;;;;;;;;;;;;;;;
9262;;;;;;;;;;;;;;2021;5.8;;10.1;11.5;15.0;19.6;21.5;21.7;20.0;14.6;8.4;6.4;;;;;;;;;;;;;;;;;;;;;;;;;;;;;;;;;;;;
1690A;;;;;;;;;;;;;15.5;2021;7.5;11.1;12.0;14.7;16.3;20.0;21.9;23.2;20.6;17.0;10.5;11.4;;;;;;;;;;;;;;;;;;;;;;;;;;;;;;;;;;;;
1484C;;;;;;;;;;;;;15.0;2021;8.4;11.7;12.5;14.5;14.5;18.2;19.4;20.1;19.6;17.0;11.5;12.3;;;;;;;;;;;;;;;;;;;;;;;;;;;;;;;;;;;;
1495;;;;;;;;;;;;;;2021;7.8;10.9;;14.2;14.0;18.1;19.1;20.1;18.9;16.3;;11.4;;;;;;;;;;;;;;;;;;;;;;;;;;;;;;;;;;;;
2867;;;;;;;;;;;;;12.4;2021;2.6;8.6;8.3;11.4;14.3;18.8;20.5;21.7;17.5;13.4;5.4;6.5;;;;;;;;;;;;;;;;;;;;;;;;;;;;;;;;;;;;
2870;;;;;;;;;;;;;14.1;2021;4.6;9.8;10.2;12.8;15.8;20.4;22.7;23.6;19.0;15.3;7.4;8.1;;;;;;;;;;;;;;;;;;;;;;;;;;;;;;;;;;;;
C929I;;;;;;;;;;;;;21.5;2021;19.2;18.8;19.4;20.7;21.0;21.9;22.8;24.3;25.1;23.5;21.5;20.1;;;;;;;;;;;;;;;;;;;;;;;;;;;;;;;;;;;;
C430E;;;;;;;;;;;;;10.9;2021;5.4;5.2;6.4;8.1;11.3;14.3;19.7;17.2;15.7;13.9;7.1;6.6;;;;;;;;;;;;;;;;;;;;;;;;;;;;;;;;;;;;
C139E;;;;;;;;;;;;;;2021;18.2;18.1;18.8;20.0;;21.6;23.0;24.6;24.6;23.1;20.6;19.5;;;;;;;;;;;;;;;;;;;;;;;;;;;;;;;;;;;;
C449C;;;;;;;;;;;;;22.0;2021;18.6;18.6;19.6;20.9;22.2;23.2;25.3;26.0;25.4;23.7;20.8;19.7;;;;;;;;;;;;;;;;;;;;;;;;;;;;;;;;;;;;
C447A;;;;;;;;;;;;;17.4;2021;14.0;13.6;14.0;16.0;16.8;18.8;20.7;22.5;21.4;20.0;15.7;14.7;;;;;;;;;;;;;;;;;;;;;;;;;;;;;;;;;;;;
C429I;;;;;;;;;;;;;;2021;18.4;18.5;19.0;20.6;;22.4;24.4;25.6;25.3;23.7;20.8;19.4;;;;;;;;;;;;;;;;;;;;;;;;;;;;;;;;;;;;
2465;;;;;;;;;;;;;12.7;2021;3.3;8.6;8.4;10.4;14.0;18.7;21.4;23.1;17.8;14.2;5.2;7.8;;;;;;;;;;;;;;;;;;;;;;;;;;;;;;;;;;;;
5796;;;;;;;;;;;;;19.5;2021;10.3;13.7;15.1;17.9;21.3;24.3;28.3;28.9;25.3;21.8;13.4;13.6;;;;;;;;;;;;;;;;;;;;;;;;;;;;;;;;;;;;
5783;;;;;;;;;;;;;;2021;10.3;14.0;;18.3;21.4;24.6;;28.7;;;13.4;;;;;;;;;;;;;;;;;;;;;;;;;;;;;;;;;;;;;
2030;;;;;;;;;;;;;11.7;2021;2.0;7.4;7.5;9.7;12.8;17.2;20.2;21.7;17.3;12.4;5.9;6.4;;;;;;;;;;;;;;;;;;;;;;;;;;;;;;;;;;;;
0016A;;;;;;;;;;;;;;2021;8.3;12.0;;13.3;17.9;23.0;25.1;25.5;23.4;17.8;11.7;11.2;;;;;;;;;;;;;;;;;;;;;;;;;;;;;;;;;;;;
9981A;;;;;;;;;;;;;18.3;2021;10.5;13.2;14.1;15.0;20.0;24.7;26.8;26.7;24.0;19.1;13.4;12.0;;;;;;;;;;;;;;;;;;;;;;;;;;;;;;;;;;;;
9381I;;;;;;;;;;;;;12.3;2021;0.5;8.6;7.7;9.9;14.6;19.1;21.9;22.5;18.1;12.8;5.3;6.6;;;;;;;;;;;;;;;;;;;;;;;;;;;;;;;;;;;;
8368U;;;;;;;;;;;;;13.2;2021;1.4;8.8;8.6;10.9;15.6;19.7;23.0;23.4;18.9;14.1;6.7;7.3;;;;;;;;;;;;;;;;;;;;;;;;;;;;;;;;;;;;
3260B;;;;;;;;;;;;;;2021;4.3;11.2;12.0;14.6;19.2;23.7;27.1;28.3;;17.4;9.4;;;;;;;;;;;;;;;;;;;;;;;;;;;;;;;;;;;;;
8416;;;;;;;;;;;;;18.7;2021;11.6;14.6;13.4;15.1;19.8;23.4;25.9;26.4;24.4;20.2;14.9;14.5;;;;;;;;;;;;;;;;;;;;;;;;;;;;;;;;;;;;
8414A;;;;;;;;;;;;;18.1;2021;10.1;13.7;12.6;14.5;19.6;23.3;25.9;26.5;24.0;19.6;13.8;13.2;;;;;;;;;;;;;;;;;;;;;;;;;;;;;;;;;;;;
2422;;;;;;;;;;;;;13.5;2021;3.5;9.1;9.8;11.7;15.4;20.0;22.4;23.3;18.9;14.4;6.3;7.2;;;;;;;;;;;;;;;;;;;;;;;;;;;;;;;;;;;;
2539;;;;;;;;;;;;;12.0;2021;2.5;8.1;8.2;9.9;13.1;18.0;20.2;21.3;17.5;12.9;5.2;6.5;;;;;;;;;;;;;;;;;;;;;;;;;;;;;;;;;;;;
2614;;;;;;;;;;;;;13.8;2021;3.9;9.2;9.9;12.3;16.0;20.3;22.8;23.4;19.2;14.8;6.8;7.5;;;;;;;;;;;;;;;;;;;;;;;;;;;;;;;;;;;;
9390;;;;;;;;;;;;;13.1;2021;2.0;9.4;8.4;10.8;15.4;19.8;22.7;23.1;18.8;13.3;6.1;7.0;;;;;;;;;;;;;;;;;;;;;;;;;;;;;;;;;;;;
9434;;;;;;;;;;;;;16.2;2021;7.0;11.6;12.0;13.7;18.6;23.3;25.8;25.8;22.2;16.4;10.2;7.6;;;;;;;;;;;;;;;;;;;;;;;;;;;;;;;;;;;;
1387;;;;;;;;;;;;;15.9;2022;;;;;;;;;;;;;11.4;11.9;12.8;13.2;17.0;18.2;20.4;20.2;19.6;18.3;14.9;13.2;;;;;;;;;;;;;;;;;;;;;;;;
1387E;;;;;;;;;;;;;;2022;;;;;;;;;;;;;9.2;9.9;;11.8;16.0;17.6;20.6;20.8;18.7;17.4;13.3;11.7;;;;;;;;;;;;;;;;;;;;;;;;
1428;;;;;;;;;;;;;14.1;2022;;;;;;;;;;;;;8.4;9.2;10.1;11.2;16.0;16.5;21.5;21.1;17.5;15.8;11.3;10.3;;;;;;;;;;;;;;;;;;;;;;;;
8175;;;;;;;;;;;;;16.3;2022;;;;;;;;;;;;;5.4;9.1;9.6;11.0;19.1;24.9;27.8;26.3;21.8;18.7;11.8;10.1;;;;;;;;;;;;;;;;;;;;;;;;
8178D;;;;;;;;;;;;;16.8;2022;;;;;;;;;;;;;6.4;9.9;9.7;11.4;19.6;25.2;28.1;26.6;22.2;19.0;12.5;10.5;;;;;;;;;;;;;;;;;;;;;;;;
8025;;;;;;;;;;;;;19.7;2022;;;;;;;;;;;;;10.8;13.2;14.0;16.1;21.0;25.2;27.6;28.2;25.3;21.8;17.7;14.9;;;;;;;;;;;;;;;;;;;;;;;;
8019;;;;;;;;;;;;;19.4;2022;;;;;;;;;;;;;10.8;12.6;13.5;15.1;20.5;24.9;28.1;28.2;25.2;21.7;17.3;14.6;;;;;;;;;;;;;;;;;;;;;;;;
6325O;;;;;;;;;;;;;20.2;2022;;;;;;;;;;;;;13.2;14.2;15.6;16.0;21.2;24.2;28.2;29.0;24.4;23.2;18.0;15.5;;;;;;;;;;;;;;;;;;;;;;;;
9091O;;;;;;;;;;;;;13.5;2022;;;;;;;;;;;;;4.9;6.7;8.7;9.8;16.0;19.5;21.0;22.2;17.2;17.4;9.9;8.8;;;;;;;;;;;;;;;;;;;;;;;;
1212E;;;;;;;;;;;;;;2022;;;;;;;;;;;;;9.3;10.2;11.0;;;17.4;19.6;19.9;;17.5;13.5;;;;;;;;;;;;;;;;;;;;;;;;;
1208H;;;;;;;;;;;;;16.1;2022;;;;;;;;;;;;;10.9;11.7;12.5;12.8;16.6;18.5;21.1;21.4;19.7;19.2;14.9;13.6;;;;;;;;;;;;;;;;;;;;;;;;
1249I;;;;;;;;;;;;;14.5;2022;;;;;;;;;;;;;7.9;9.5;10.9;11.5;15.7;17.7;20.8;20.5;18.1;17.9;12.3;10.9;;;;;;;;;;;;;;;;;;;;;;;;
2444;;;;;;;;;;;;;13.3;2022;;;;;;;;;;;;;4.2;6.4;6.6;8.4;16.4;20.0;24.9;23.7;17.0;15.5;8.9;7.4;;;;;;;;;;;;;;;;;;;;;;;;
4452;;;;;;;;;;;;;18.5;2022;;;;;;;;;;;;;8.9;11.2;12.9;15.0;22.3;24.2;29.4;27.2;23.2;20.8;14.1;12.9;;;;;;;;;;;;;;;;;;;;;;;;
B954;;;;;;;;;;;;;;2022;;;;;;;;;;;;;10.3;11.8;13.7;14.5;19.2;24.0;26.7;27.7;;;17.4;14.6;;;;;;;;;;;;;;;;;;;;;;;;
B893;;;;;;;;;;;;;18.6;2022;;;;;;;;;;;;;9.5;10.9;12.5;14.1;19.8;24.7;26.5;28.0;25.9;20.7;16.2;13.8;;;;;;;;;;;;;;;;;;;;;;;;
B278;;;;;;;;;;;;;18.4;2022;;;;;;;;;;;;;9.0;10.6;12.8;14.5;19.9;24.4;26.9;27.3;24.4;21.2;16.4;13.8;;;;;;;;;;;;;;;;;;;;;;;;
B228;;;;;;;;;;;;;;2022;;;;;;;;;;;;;11.7;13.3;14.4;16.1;21.2;25.7;28.6;29.0;;23.4;18.7;15.9;;;;;;;;;;;;;;;;;;;;;;;;
0200E;;;;;;;;;;;;;18.1;2022;;;;;;;;;;;;;10.2;11.9;10.8;14.1;20.8;24.7;26.8;27.2;22.5;20.7;15.2;12.7;;;;;;;;;;;;;;;;;;;;;;;;
76;;;;;;;;;;;;;;2022;;;;;;;;;;;;;9.5;12.0;13.0;;;24.8;27.0;27.3;24.0;21.2;16.2;12.6;;;;;;;;;;;;;;;;;;;;;;;;
1082;;;;;;;;;;;;;16.3;2022;;;;;;;;;;;;;8.8;10.1;12.8;12.7;17.8;20.3;22.6;23.4;20.2;20.7;14.0;12.4;;;;;;;;;;;;;;;;;;;;;;;;
2331;;;;;;;;;;;;;12.3;2022;;;;;;;;;;;;;3.2;5.0;6.6;8.1;14.7;19.0;21.8;21.9;16.7;15.4;8.0;7.2;;;;;;;;;;;;;;;;;;;;;;;;
3469A;;;;;;;;;;;;;17.9;2022;;;;;;;;;;;;;8.4;10.9;11.5;13.5;21.1;24.0;29.9;27.9;22.4;20.4;13.1;12.0;;;;;;;;;;;;;;;;;;;;;;;;
5973;;;;;;;;;;;;;20.0;2022;;;;;;;;;;;;;13.9;15.3;15.1;16.9;21.8;23.4;27.2;25.4;23.1;22.7;18.3;16.7;;;;;;;;;;;;;;;;;;;;;;;;
5960;;;;;;;;;;;;;;2022;;;;;;;;;;;;;11.3;13.3;;;21.8;;28.3;26.6;23.3;23.0;16.4;15.1;;;;;;;;;;;;;;;;;;;;;;;;
5910;;;;;;;;;;;;;19.4;2022;;;;;;;;;;;;;11.9;13.9;14.3;16.2;21.7;23.7;27.8;25.3;22.8;22.5;16.8;15.6;;;;;;;;;;;;;;;;;;;;;;;;
6001;;;;;;;;;;;;;;2022;;;;;;;;;;;;;13.1;13.7;13.4;14.7;;20.8;23.7;24.0;;20.8;16.8;15.6;;;;;;;;;;;;;;;;;;;;;;;;
1111;;;;;;;;;;;;;15.9;2022;;;;;;;;;;;;;10.0;11.1;12.7;12.6;16.3;18.3;20.6;21.3;19.5;20.1;14.6;13.1;;;;;;;;;;;;;;;;;;;;;;;;
1109;;;;;;;;;;;;;16.3;2022;;;;;;;;;;;;;9.1;10.8;13.1;13.3;17.3;19.8;22.0;22.2;20.1;20.7;14.3;12.7;;;;;;;;;;;;;;;;;;;;;;;;
8500A;;;;;;;;;;;;;19.3;2022;;;;;;;;;;;;;10.7;13.1;13.2;15.8;20.5;25.2;27.4;28.2;24.8;21.5;17.0;14.1;;;;;;;;;;;;;;;;;;;;;;;;
5000C;;;;;;;;;;;;;;2022;;;;;;;;;;;;;14.2;15.2;;16.5;20.2;23.3;25.3;25.8;24.3;21.0;18.6;16.8;;;;;;;;;;;;;;;;;;;;;;;;
4121;;;;;;;;;;;;;17.3;2022;;;;;;;;;;;;;6.1;9.8;10.5;12.6;21.0;25.2;29.6;27.9;22.2;19.5;12.5;10.3;;;;;;;;;;;;;;;;;;;;;;;;
5402;;;;;;;;;;;;;19.5;2022;;;;;;;;;;;;;9.6;12.5;13.6;15.2;22.5;25.9;30.4;29.0;24.5;22.2;15.0;13.3;;;;;;;;;;;;;;;;;;;;;;;;
8096;;;;;;;;;;;;;15.7;2022;;;;;;;;;;;;;5.9;8.9;8.4;11.1;19.0;23.6;27.7;26.1;20.4;18.1;10.6;8.7;;;;;;;;;;;;;;;;;;;;;;;;
1014;;;;;;;;;;;;;16.5;2022;;;;;;;;;;;;;8.1;10.4;13.2;13.2;18.2;20.7;22.9;23.6;20.2;20.6;14.2;12.5;;;;;;;;;;;;;;;;;;;;;;;;
1024E;;;;;;;;;;;;;15.1;2022;;;;;;;;;;;;;8.1;9.8;11.7;11.4;16.3;18.7;20.8;21.4;18.6;19.6;13.4;11.9;;;;;;;;;;;;;;;;;;;;;;;;
367;;;;;;;;;;;;;;2022;;;;;;;;;;;;;6.5;;10.7;13.1;19.2;24.9;27.0;26.7;21.9;19.5;;10.6;;;;;;;;;;;;;;;;;;;;;;;;
5530E;;;;;;;;;;;;;17.5;2022;;;;;;;;;;;;;7.2;10.6;11.0;12.7;20.5;24.6;28.7;27.5;22.5;20.7;12.6;11.1;;;;;;;;;;;;;;;;;;;;;;;;
5514;;;;;;;;;;;;;17.3;2022;;;;;;;;;;;;;7.2;10.5;10.8;12.4;19.8;24.4;28.2;27.0;22.5;21.0;12.9;11.2;;;;;;;;;;;;;;;;;;;;;;;;
3013;;;;;;;;;;;;;12.2;2022;;;;;;;;;;;;;2.0;5.2;6.1;8.6;15.4;19.3;22.9;21.8;16.6;14.5;7.6;6.1;;;;;;;;;;;;;;;;;;;;;;;;
4642E;;;;;;;;;;;;;19.5;2022;;;;;;;;;;;;;12.3;14.2;14.4;16.3;21.7;24.3;28.0;25.6;23.7;21.9;16.8;15.0;;;;;;;;;;;;;;;;;;;;;;;;
9898;;;;;;;;;;;;;16.1;2022;;;;;;;;;;;;;5.3;9.0;9.7;12.0;19.9;24.9;26.8;26.8;20.9;19.0;11.1;8.0;;;;;;;;;;;;;;;;;;;;;;;;
5270B;;;;;;;;;;;;;19.1;2022;;;;;;;;;;;;;9.8;12.5;11.9;13.8;22.6;25.7;30.9;28.8;23.4;22.3;14.6;12.5;;;;;;;;;;;;;;;;;;;;;;;;
9170;;;;;;;;;;;;;15.7;2022;;;;;;;;;;;;;6.0;8.5;9.7;12.2;19.0;23.7;25.4;25.3;20.3;18.6;10.9;8.2;;;;;;;;;;;;;;;;;;;;;;;;
C249I;;;;;;;;;;;;;21.8;2022;;;;;;;;;;;;;17.9;19.1;18.6;19.6;21.5;23.1;25.4;24.8;24.8;23.5;22.4;20.3;;;;;;;;;;;;;;;;;;;;;;;;
C649I;;;;;;;;;;;;;;2022;;;;;;;;;;;;;;19.2;;19.6;21.6;22.7;24.8;24.6;24.3;23.5;22.6;;;;;;;;;;;;;;;;;;;;;;;;;
C029O;;;;;;;;;;;;;;2022;;;;;;;;;;;;;18.1;19.8;18.5;20.2;;23.6;;25.9;;24.4;22.3;;;;;;;;;;;;;;;;;;;;;;;;;
2661;;;;;;;;;;;;;;2022;;;;;;;;;;;;;4.8;6.5;7.5;9.3;16.0;18.5;23.4;22.7;16.9;;8.0;;;;;;;;;;;;;;;;;;;;;;;;;
1549;;;;;;;;;;;;;15.0;2022;;;;;;;;;;;;;5.8;8.5;10.1;11.7;18.9;20.2;25.2;24.6;18.8;16.9;10.2;8.9;;;;;;;;;;;;;;;;;;;;;;;;
9771C;;;;;;;;;;;;;17.3;2022;;;;;;;;;;;;;4.3;9.5;11.3;14.1;21.5;26.7;28.0;27.9;22.7;20.2;12.9;8.3;;;;;;;;;;;;;;;;;;;;;;;;
1505;;;;;;;;;;;;;;2022;;;;;;;;;;;;;6.5;7.9;9.0;10.8;15.7;16.9;20.7;;17.2;16.3;10.9;9.3;;;;;;;;;;;;;;;;;;;;;;;;
3191E;;;;;;;;;;;;;15.1;2022;;;;;;;;;;;;;6.7;9.1;7.8;10.4;18.1;22.5;27.4;25.6;19.2;16.8;9.8;7.4;;;;;;;;;;;;;;;;;;;;;;;;
3129;;;;;;;;;;;;;16.4;2022;;;;;;;;;;;;;5.4;8.7;9.8;12.2;19.8;24.3;28.9;27.3;21.3;18.2;11.5;9.2;;;;;;;;;;;;;;;;;;;;;;;;
3196;;;;;;;;;;;;;17.0;2022;;;;;;;;;;;;;7.1;10.1;10.2;12.5;20.4;24.8;29.8;27.9;21.6;18.9;11.8;9.4;;;;;;;;;;;;;;;;;;;;;;;;
3200;;;;;;;;;;;;;17.3;2022;;;;;;;;;;;;;6.9;10.1;10.5;12.9;21.1;25.1;30.1;28.3;22.1;19.3;12.1;9.6;;;;;;;;;;;;;;;;;;;;;;;;
3195;;;;;;;;;;;;;;2022;;;;;;;;;;;;;7.1;10.2;;12.9;20.6;24.8;;27.9;21.5;18.5;;9.4;;;;;;;;;;;;;;;;;;;;;;;;
3175;;;;;;;;;;;;;;2022;;;;;;;;;;;;;4.6;8.8;10.9;11.5;;23.5;28.2;26.9;20.5;17.8;10.7;8.9;;;;;;;;;;;;;;;;;;;;;;;;
2462;;;;;;;;;;;;;9.1;2022;;;;;;;;;;;;;1.3;3.7;1.0;3.3;12.0;15.6;21.8;19.6;12.7;11.0;4.4;3.0;;;;;;;;;;;;;;;;;;;;;;;;
6155A;;;;;;;;;;;;;20.2;2022;;;;;;;;;;;;;13.2;14.9;14.9;17.0;21.7;26.1;26.8;27.6;25.8;21.8;18.0;15.1;;;;;;;;;;;;;;;;;;;;;;;;
6000A;;;;;;;;;;;;;;2022;;;;;;;;;;;;;13.4;14.9;;;20.6;24.3;26.4;27.3;25.1;22.5;19.2;17.1;;;;;;;;;;;;;;;;;;;;;;;;
7178I;;;;;;;;;;;;;20.4;2022;;;;;;;;;;;;;11.1;13.8;14.1;15.7;22.1;27.4;29.7;29.7;26.6;22.2;17.7;15.2;;;;;;;;;;;;;;;;;;;;;;;;
7228;;;;;;;;;;;;;19.9;2022;;;;;;;;;;;;;10.0;13.0;14.0;15.6;21.8;26.7;29.1;29.2;26.1;21.7;17.0;14.2;;;;;;;;;;;;;;;;;;;;;;;;
7031;;;;;;;;;;;;;18.5;2022;;;;;;;;;;;;;10.8;12.4;13.9;14.7;19.6;23.3;26.3;27.2;24.2;20.4;16.4;13.3;;;;;;;;;;;;;;;;;;;;;;;;
9263D;;;;;;;;;;;;;14.9;2022;;;;;;;;;;;;;4.8;7.5;9.4;10.6;17.9;22.4;24.2;24.9;19.6;18.8;10.2;8.4;;;;;;;;;;;;;;;;;;;;;;;;
9262;;;;;;;;;;;;;;2022;;;;;;;;;;;;;;8.6;10.1;11.3;18.6;;24.2;24.9;19.9;19.5;11.1;9.2;;;;;;;;;;;;;;;;;;;;;;;;
1690A;;;;;;;;;;;;;;2022;;;;;;;;;;;;;8.5;10.3;11.7;13.7;19.6;20.4;26.1;25.8;;;;12.2;;;;;;;;;;;;;;;;;;;;;;;;
1484C;;;;;;;;;;;;;16.1;2022;;;;;;;;;;;;;10.8;11.8;12.6;13.1;18.1;18.5;23.4;21.9;19.8;17.8;13.3;12.4;;;;;;;;;;;;;;;;;;;;;;;;
1495;;;;;;;;;;;;;;2022;;;;;;;;;;;;;;10.7;11.4;;17.5;;23.3;;19.2;17.1;12.4;11.5;;;;;;;;;;;;;;;;;;;;;;;;
2867;;;;;;;;;;;;;13.7;2022;;;;;;;;;;;;;4.0;6.1;8.1;9.9;17.3;20.1;24.2;23.3;17.8;16.0;9.4;8.2;;;;;;;;;;;;;;;;;;;;;;;;
2870;;;;;;;;;;;;;15.3;2022;;;;;;;;;;;;;6.0;8.2;9.4;11.4;18.7;21.3;26.1;25.1;19.4;17.4;10.7;9.6;;;;;;;;;;;;;;;;;;;;;;;;
C929I;;;;;;;;;;;;;21.7;2022;;;;;;;;;;;;;19.6;19.4;18.9;19.7;21.3;22.2;23.4;24.0;24.5;23.5;22.7;21.0;;;;;;;;;;;;;;;;;;;;;;;;
C430E;;;;;;;;;;;;;11.1;2022;;;;;;;;;;;;;3.6;4.4;5.3;8.4;13.3;15.2;19.7;19.0;13.5;12.4;10.7;7.2;;;;;;;;;;;;;;;;;;;;;;;;
C139E;;;;;;;;;;;;;21.4;2022;;;;;;;;;;;;;19.1;19.0;18.3;19.1;21.2;22.0;23.3;23.9;24.1;23.1;22.3;20.9;;;;;;;;;;;;;;;;;;;;;;;;
C449C;;;;;;;;;;;;;22.5;2022;;;;;;;;;;;;;19.3;19.7;19.2;20.2;22.3;23.8;26.4;26.3;25.1;24.2;22.5;21.2;;;;;;;;;;;;;;;;;;;;;;;;
C447A;;;;;;;;;;;;;;2022;;;;;;;;;;;;;14.4;14.7;13.3;;18.0;18.3;21.8;21.7;20.5;19.4;18.1;16.2;;;;;;;;;;;;;;;;;;;;;;;;
C429I;;;;;;;;;;;;;22.0;2022;;;;;;;;;;;;;19.0;19.8;18.7;19.6;21.8;22.9;25.3;25.3;25.0;23.7;22.6;20.7;;;;;;;;;;;;;;;;;;;;;;;;
2465;;;;;;;;;;;;;14.3;2022;;;;;;;;;;;;;5.2;7.5;7.8;9.2;17.1;21.0;26.1;24.6;18.0;17.2;9.5;8.3;;;;;;;;;;;;;;;;;;;;;;;;
5796;;;;;;;;;;;;;20.2;2022;;;;;;;;;;;;;11.5;13.7;14.2;15.9;22.5;25.5;30.6;28.6;25.1;23.3;16.8;14.8;;;;;;;;;;;;;;;;;;;;;;;;
5783;;;;;;;;;;;;;;2022;;;;;;;;;;;;;11.5;13.8;14.1;15.9;23.2;26.1;30.6;28.1;24.9;22.8;16.5;;;;;;;;;;;;;;;;;;;;;;;;;
2030;;;;;;;;;;;;;13.2;2022;;;;;;;;;;;;;4.5;6.5;6.2;9.1;16.0;20.4;24.4;23.2;17.5;15.4;8.7;6.9;;;;;;;;;;;;;;;;;;;;;;;;
0016A;;;;;;;;;;;;;17.8;2022;;;;;;;;;;;;;8.4;11.3;12.0;14.6;19.6;24.4;26.4;27.0;23.2;20.2;15.0;11.7;;;;;;;;;;;;;;;;;;;;;;;;
9981A;;;;;;;;;;;;;19.5;2022;;;;;;;;;;;;;10.0;13.3;12.7;16.0;21.8;26.6;28.8;29.0;24.8;22.0;16.2;12.5;;;;;;;;;;;;;;;;;;;;;;;;
9381I;;;;;;;;;;;;;13.8;2022;;;;;;;;;;;;;3.3;6.1;7.1;9.6;16.7;21.8;24.9;24.0;18.3;16.9;9.5;7.7;;;;;;;;;;;;;;;;;;;;;;;;
8368U;;;;;;;;;;;;;14.6;2022;;;;;;;;;;;;;3.8;7.0;8.1;10.5;17.4;22.9;25.8;24.5;19.4;16.9;10.3;8.0;;;;;;;;;;;;;;;;;;;;;;;;
3260B;;;;;;;;;;;;;;2022;;;;;;;;;;;;;;10.2;11.0;13.1;21.2;25.6;30.6;29.0;22.8;20.5;12.9;10.6;;;;;;;;;;;;;;;;;;;;;;;;
8416;;;;;;;;;;;;;19.6;2022;;;;;;;;;;;;;11.3;13.3;13.3;15.6;20.4;25.3;27.4;28.2;25.3;21.7;18.0;15.3;;;;;;;;;;;;;;;;;;;;;;;;
8414A;;;;;;;;;;;;;19.2;2022;;;;;;;;;;;;;9.9;12.6;12.9;15.1;20.3;25.8;27.8;28.5;24.9;21.3;16.8;14.2;;;;;;;;;;;;;;;;;;;;;;;;
2422;;;;;;;;;;;;;14.7;2022;;;;;;;;;;;;;4.9;7.2;8.8;10.5;18.1;21.8;26.0;25.2;19.1;17.1;9.6;8.3;;;;;;;;;;;;;;;;;;;;;;;;
2539;;;;;;;;;;;;;13.2;2022;;;;;;;;;;;;;3.9;5.9;7.5;8.9;15.9;19.6;24.0;23.2;17.2;15.8;8.5;7.4;;;;;;;;;;;;;;;;;;;;;;;;
2614;;;;;;;;;;;;;15.0;2022;;;;;;;;;;;;;4.6;7.2;9.4;11.3;18.6;21.5;26.4;25.6;19.5;17.2;10.1;9.1;;;;;;;;;;;;;;;;;;;;;;;;
9390;;;;;;;;;;;;;14.6;2022;;;;;;;;;;;;;4.0;6.9;7.8;10.4;17.7;22.7;25.2;24.7;19.2;17.8;10.1;8.3;;;;;;;;;;;;;;;;;;;;;;;;
9434;;;;;;;;;;;;;17.6;2022;;;;;;;;;;;;;6.3;10.4;11.1;14.1;21.6;26.7;28.0;28.2;22.6;20.3;12.8;9.2;;;;;;;;;;;;;;;;;;;;;;;;
1387;;;;;;;;;;;;;16.5;2023;;;;;;;;;;;;;;;;;;;;;;;;;11.3;11.1;14.0;15.3;17.2;20.0;20.4;21.5;20.9;18.8;14.8;12.3;;;;;;;;;;;;
1387E;;;;;;;;;;;;;;2023;;;;;;;;;;;;;;;;;;;;;;;;;9.5;8.5;12.5;13.9;16.7;19.6;19.4;;20.0;17.9;13.6;10.8;;;;;;;;;;;;
1428;;;;;;;;;;;;;;2023;;;;;;;;;;;;;;;;;;;;;;;;;7.7;8.5;11.0;13.5;15.7;18.8;;20.0;18.5;16.3;11.7;8.6;;;;;;;;;;;;
8175;;;;;;;;;;;;;16.1;2023;;;;;;;;;;;;;;;;;;;;;;;;;5.5;6.1;12.3;16.2;17.2;22.4;28.3;27.1;21.7;17.8;11.5;6.7;;;;;;;;;;;;
8178D;;;;;;;;;;;;;16.6;2023;;;;;;;;;;;;;;;;;;;;;;;;;6.4;6.7;13.1;16.7;17.5;22.7;28.7;27.4;21.8;18.0;12.2;7.7;;;;;;;;;;;;
8025;;;;;;;;;;;;;;2023;;;;;;;;;;;;;;;;;;;;;;;;;11.7;10.9;16.5;18.2;;24.5;28.2;27.7;24.5;21.6;17.8;13.3;;;;;;;;;;;;
8019;;;;;;;;;;;;;;2023;;;;;;;;;;;;;;;;;;;;;;;;;11.7;10.9;16.1;18.0;19.5;24.9;28.5;27.3;24.2;21.3;17.6;;;;;;;;;;;;;
6325O;;;;;;;;;;;;;20.1;2023;;;;;;;;;;;;;;;;;;;;;;;;;13.1;13.6;15.8;18.9;20.3;25.1;28.5;28.5;25.8;21.9;16.1;13.9;;;;;;;;;;;;
9091O;;;;;;;;;;;;;13.4;2023;;;;;;;;;;;;;;;;;;;;;;;;;4.9;4.7;10.5;11.9;13.9;19.1;19.8;21.2;19.7;16.6;11.1;7.0;;;;;;;;;;;;
1212E;;;;;;;;;;;;;15.0;2023;;;;;;;;;;;;;;;;;;;;;;;;;9.3;8.7;12.9;13.1;15.0;19.0;19.5;20.1;19.9;18.1;13.8;10.9;;;;;;;;;;;;
1208H;;;;;;;;;;;;;16.5;2023;;;;;;;;;;;;;;;;;;;;;;;;;11.0;10.3;14.1;14.6;16.5;20.3;21.3;21.6;21.3;19.2;15.0;12.4;;;;;;;;;;;;
2444;;;;;;;;;;;;;13.0;2023;;;;;;;;;;;;;;;;;;;;;;;;;3.4;4.2;9.4;12.6;13.4;19.0;22.8;23.0;17.8;15.0;9.5;5.3;;;;;;;;;;;;
4452;;;;;;;;;;;;;18.4;2023;;;;;;;;;;;;;;;;;;;;;;;;;9.0;10.0;14.6;19.0;20.6;25.8;26.9;28.2;23.0;20.6;14.2;9.3;;;;;;;;;;;;
B954;;;;;;;;;;;;;;2023;;;;;;;;;;;;;;;;;;;;;;;;;11.1;;14.3;16.3;18.9;23.7;27.8;26.6;23.8;21.8;16.9;13.3;;;;;;;;;;;;
B893;;;;;;;;;;;;;17.5;2023;;;;;;;;;;;;;;;;;;;;;;;;;10.3;9.4;12.6;14.2;17.5;22.7;26.3;25.0;22.9;21.0;15.5;12.3;;;;;;;;;;;;
B278;;;;;;;;;;;;;18.0;2023;;;;;;;;;;;;;;;;;;;;;;;;;10.0;9.3;13.0;15.2;18.5;23.7;27.7;26.3;23.6;21.3;15.5;12.1;;;;;;;;;;;;
B228;;;;;;;;;;;;;20.0;2023;;;;;;;;;;;;;;;;;;;;;;;;;12.5;11.7;15.7;17.2;20.1;24.9;28.7;27.7;25.4;23.0;18.0;15.2;;;;;;;;;;;;
0200E;;;;;;;;;;;;;17.8;2023;;;;;;;;;;;;;;;;;;;;;;;;;9.2;10.4;14.2;16.2;18.1;23.5;25.6;26.0;23.2;20.2;14.8;12.1;;;;;;;;;;;;
0076;;;;;;;;;;;;;;2023;;;;;;;;;;;;;;;;;;;;;;;;;9.5;9.6;13.9;15.4;18.3;;26.4;26.3;23.5;20.9;15.0;;;;;;;;;;;;;
1082;;;;;;;;;;;;;16.3;2023;;;;;;;;;;;;;;;;;;;;;;;;;8.8;9.2;14.1;14.1;16.5;21.2;21.2;22.4;22.4;19.9;14.1;11.3;;;;;;;;;;;;
2331;;;;;;;;;;;;;12.2;2023;;;;;;;;;;;;;;;;;;;;;;;;;2.9;3.5;8.8;11.3;12.7;18.3;20.9;21.7;18.2;14.8;9.1;4.5;;;;;;;;;;;;
3469A;;;;;;;;;;;;;17.5;2023;;;;;;;;;;;;;;;;;;;;;;;;;7.7;8.5;13.4;18.0;18.9;24.4;27.1;28.1;22.1;19.8;13.0;8.4;;;;;;;;;;;;
5973;;;;;;;;;;;;;20.0;2023;;;;;;;;;;;;;;;;;;;;;;;;;13.4;14.1;16.8;19.8;20.9;24.9;25.6;26.7;23.7;22.7;17.7;14.2;;;;;;;;;;;;
5960;;;;;;;;;;;;;;2023;;;;;;;;;;;;;;;;;;;;;;;;;11.0;12.0;15.6;19.5;20.8;25.0;26.8;;22.9;21.5;15.6;;;;;;;;;;;;;
5910;;;;;;;;;;;;;19.4;2023;;;;;;;;;;;;;;;;;;;;;;;;;11.8;13.0;15.7;19.3;20.6;24.9;25.9;27.4;23.1;22.1;16.6;12.6;;;;;;;;;;;;
6001;;;;;;;;;;;;;;2023;;;;;;;;;;;;;;;;;;;;;;;;;12.5;13.2;;17.5;18.8;22.2;24.0;24.4;22.1;21.0;16.5;14.2;;;;;;;;;;;;
1111;;;;;;;;;;;;;16.0;2023;;;;;;;;;;;;;;;;;;;;;;;;;10.4;10.1;13.7;13.4;15.9;19.8;20.6;21.2;21.2;19.2;14.9;12.1;;;;;;;;;;;;
1109;;;;;;;;;;;;;;2023;;;;;;;;;;;;;;;;;;;;;;;;;10.0;9.5;13.7;14.2;16.8;20.9;;22.0;21.9;19.1;14.7;11.4;;;;;;;;;;;;
8500A;;;;;;;;;;;;;19.1;2023;;;;;;;;;;;;;;;;;;;;;;;;;11.1;10.4;15.8;17.1;19.6;24.4;27.7;27.6;23.9;21.7;16.9;12.8;;;;;;;;;;;;
5000C;;;;;;;;;;;;;20.1;2023;;;;;;;;;;;;;;;;;;;;;;;;;14.1;13.9;17.2;19.5;20.2;23.1;27.2;26.7;23.6;21.7;18.5;15.9;;;;;;;;;;;;
4121;;;;;;;;;;;;;17.3;2023;;;;;;;;;;;;;;;;;;;;;;;;;6.4;7.8;13.7;18.3;19.1;24.8;29.4;28.8;22.0;18.6;12.1;7.1;;;;;;;;;;;;
5402;;;;;;;;;;;;;;2023;;;;;;;;;;;;;;;;;;;;;;;;;9.3;10.7;14.9;19.5;21.5;26.4;29.7;29.9;24.2;21.2;;9.5;;;;;;;;;;;;
8096;;;;;;;;;;;;;15.1;2023;;;;;;;;;;;;;;;;;;;;;;;;;5.2;5.9;11.2;15.1;16.0;21.2;26.5;26.0;20.4;16.7;10.6;6.8;;;;;;;;;;;;
1024E;;;;;;;;;;;;;15.1;2023;;;;;;;;;;;;;;;;;;;;;;;;;7.9;8.7;13.0;12.6;15.1;19.6;19.7;20.3;21.2;18.7;13.1;10.8;;;;;;;;;;;;
1014;;;;;;;;;;;;;16.3;2023;;;;;;;;;;;;;;;;;;;;;;;;;8.7;8.8;14.0;13.9;17.3;21.8;22.0;22.5;22.2;19.5;14.0;11.2;;;;;;;;;;;;
0367;;;;;;;;;;;;;;2023;;;;;;;;;;;;;;;;;;;;;;;;;7.1;8.1;;14.6;17.7;;26.4;26.1;22.6;20.2;;9.0;;;;;;;;;;;;
5530E;;;;;;;;;;;;;;2023;;;;;;;;;;;;;;;;;;;;;;;;;7.2;8.8;13.0;17.7;18.7;23.6;28.8;28.2;22.6;;12.3;7.7;;;;;;;;;;;;
5514;;;;;;;;;;;;;17.2;2023;;;;;;;;;;;;;;;;;;;;;;;;;7.3;8.6;13.1;17.6;18.3;23.1;28.7;28.2;22.3;18.6;12.3;8.4;;;;;;;;;;;;
3013;;;;;;;;;;;;;11.8;2023;;;;;;;;;;;;;;;;;;;;;;;;;2.5;2.3;8.3;10.9;12.6;18.8;21.7;21.4;17.4;13.7;8.1;3.7;;;;;;;;;;;;
4642E;;;;;;;;;;;;;19.7;2023;;;;;;;;;;;;;;;;;;;;;;;;;11.8;12.4;16.1;20.1;21.2;25.0;27.4;28.8;23.2;21.5;16.7;12.3;;;;;;;;;;;;
9898;;;;;;;;;;;;;15.6;2023;;;;;;;;;;;;;;;;;;;;;;;;;4.5;6.4;11.9;15.2;17.6;22.2;25.4;25.9;21.6;18.0;11.0;7.0;;;;;;;;;;;;
5270B;;;;;;;;;;;;;18.8;2023;;;;;;;;;;;;;;;;;;;;;;;;;8.5;10.6;14.7;19.9;19.8;25.0;29.9;30.0;23.2;20.4;13.6;9.4;;;;;;;;;;;;
9170;;;;;;;;;;;;;14.7;2023;;;;;;;;;;;;;;;;;;;;;;;;;6.0;5.5;10.9;14.8;17.1;21.0;22.5;25.5;20.9;16.1;10.3;5.7;;;;;;;;;;;;
C249I;;;;;;;;;;;;;;2023;;;;;;;;;;;;;;;;;;;;;;;;;19.0;17.3;19.8;20.9;;24.7;;;24.7;25.2;;;;;;;;;;;;;;
C649I;;;;;;;;;;;;;;2023;;;;;;;;;;;;;;;;;;;;;;;;;19.1;;;21.3;;24.1;25.7;;;26.2;23.0;;;;;;;;;;;;;
C029O;;;;;;;;;;;;;;2023;;;;;;;;;;;;;;;;;;;;;;;;;18.4;17.3;21.3;21.8;22.1;24.7;26.1;27.6;25.2;;22.5;19.5;;;;;;;;;;;;
2661;;;;;;;;;;;;;;2023;;;;;;;;;;;;;;;;;;;;;;;;;3.6;5.3;9.0;12.8;13.8;;20.7;22.0;17.8;14.7;9.4;3.9;;;;;;;;;;;;
1549;;;;;;;;;;;;;14.5;2023;;;;;;;;;;;;;;;;;;;;;;;;;5.2;7.1;11.4;15.0;16.4;20.9;22.0;23.6;19.4;16.5;10.7;5.3;;;;;;;;;;;;
9771C;;;;;;;;;;;;;17.0;2023;;;;;;;;;;;;;;;;;;;;;;;;;5.3;7.0;13.7;16.9;19.3;24.2;27.5;27.5;23.4;19.7;12.3;6.7;;;;;;;;;;;;
1505;;;;;;;;;;;;;13.8;2023;;;;;;;;;;;;;;;;;;;;;;;;;6.7;6.4;11.3;13.5;15.1;19.2;19.3;20.9;18.6;16.1;11.3;7.0;;;;;;;;;;;;
3191E;;;;;;;;;;;;;14.7;2023;;;;;;;;;;;;;;;;;;;;;;;;;5.1;6.3;10.7;15.4;15.4;20.7;25.4;25.9;18.8;15.9;10.0;6.6;;;;;;;;;;;;
3129;;;;;;;;;;;;;16.1;2023;;;;;;;;;;;;;;;;;;;;;;;;;5.9;6.6;11.8;16.4;17.9;23.3;27.6;27.5;20.6;17.7;11.4;6.5;;;;;;;;;;;;
3196;;;;;;;;;;;;;16.5;2023;;;;;;;;;;;;;;;;;;;;;;;;;6.4;7.7;12.5;17.3;17.9;23.6;27.7;27.7;20.7;17.8;11.3;7.4;;;;;;;;;;;;
3200;;;;;;;;;;;;;16.9;2023;;;;;;;;;;;;;;;;;;;;;;;;;6.5;7.8;12.7;17.7;18.5;24.0;28.2;28.4;21.4;18.5;11.7;7.2;;;;;;;;;;;;
3195;;;;;;;;;;;;;16.5;2023;;;;;;;;;;;;;;;;;;;;;;;;;6.3;7.7;12.7;17.3;18.0;23.5;27.9;28.0;20.8;17.7;11.3;7.1;;;;;;;;;;;;
3175;;;;;;;;;;;;;;2023;;;;;;;;;;;;;;;;;;;;;;;;;5.4;6.0;11.2;15.2;16.6;22.6;26.5;;20.3;17.1;11.1;6.3;;;;;;;;;;;;
2462;;;;;;;;;;;;;9.0;2023;;;;;;;;;;;;;;;;;;;;;;;;;-0.7;0.6;4.6;8.7;8.7;14.5;18.8;19.5;13.3;10.7;5.5;3.7;;;;;;;;;;;;
6155A;;;;;;;;;;;;;;2023;;;;;;;;;;;;;;;;;;;;;;;;;13.1;12.8;16.9;19.3;20.5;24.8;29.5;;24.9;21.3;17.6;13.7;;;;;;;;;;;;
6000A;;;;;;;;;;;;;20.6;2023;;;;;;;;;;;;;;;;;;;;;;;;;14.4;14.2;17.1;19.7;20.6;23.8;28.6;28.0;24.2;22.4;18.7;16.0;;;;;;;;;;;;
7178I;;;;;;;;;;;;;20.6;2023;;;;;;;;;;;;;;;;;;;;;;;;;11.7;11.0;17.5;20.4;21.1;26.0;30.7;30.1;25.5;22.5;18.0;13.0;;;;;;;;;;;;
7228;;;;;;;;;;;;;19.9;2023;;;;;;;;;;;;;;;;;;;;;;;;;10.7;10.0;16.6;19.7;20.7;25.6;30.4;29.7;25.1;21.8;16.8;12.0;;;;;;;;;;;;
7031;;;;;;;;;;;;;18.8;2023;;;;;;;;;;;;;;;;;;;;;;;;;10.5;11.0;15.2;17.9;19.3;23.5;27.7;27.4;24.5;20.5;15.8;11.9;;;;;;;;;;;;
9263D;;;;;;;;;;;;;;2023;;;;;;;;;;;;;;;;;;;;;;;;;;5.2;10.7;12.9;15.1;20.8;22.4;;;17.2;;;;;;;;;;;;;;
9262;;;;;;;;;;;;;;2023;;;;;;;;;;;;;;;;;;;;;;;;;5.4;6.5;11.8;13.7;15.8;21.2;22.6;;20.8;17.7;;7.8;;;;;;;;;;;;
1690A;;;;;;;;;;;;;16.6;2023;;;;;;;;;;;;;;;;;;;;;;;;;8.5;9.2;13.4;16.4;18.3;22.5;23.3;24.9;21.3;18.7;13.6;9.3;;;;;;;;;;;;
1484C;;;;;;;;;;;;;;2023;;;;;;;;;;;;;;;;;;;;;;;;;;11.3;13.0;15.4;;20.7;20.7;21.9;20.3;18.3;13.6;10.4;;;;;;;;;;;;
1495;;;;;;;;;;;;;;2023;;;;;;;;;;;;;;;;;;;;;;;;;8.7;10.3;11.9;;16.8;19.7;19.6;21.3;19.5;17.7;12.8;9.4;;;;;;;;;;;;
2867;;;;;;;;;;;;;13.0;2023;;;;;;;;;;;;;;;;;;;;;;;;;3.7;4.3;9.2;12.8;15.1;19.9;21.4;22.2;18.5;15.5;9.5;4.3;;;;;;;;;;;;
2870;;;;;;;;;;;;;;2023;;;;;;;;;;;;;;;;;;;;;;;;;5.4;6.5;11.2;14.8;16.3;21.6;;24.8;20.1;17.0;11.2;6.0;;;;;;;;;;;;
C929I;;;;;;;;;;;;;22.7;2023;;;;;;;;;;;;;;;;;;;;;;;;;19.6;18.7;21.0;20.9;21.7;24.0;24.6;25.6;25.2;26.6;23.3;21.4;;;;;;;;;;;;
C430E;;;;;;;;;;;;;11.2;2023;;;;;;;;;;;;;;;;;;;;;;;;;3.0;1.2;11.1;10.1;9.3;14.6;19.6;19.6;13.9;13.8;10.4;8.3;;;;;;;;;;;;
C139E;;;;;;;;;;;;;21.9;2023;;;;;;;;;;;;;;;;;;;;;;;;;18.8;17.7;20.6;20.4;21.2;23.0;24.1;25.4;24.4;25.0;22.2;20.2;;;;;;;;;;;;
C449C;;;;;;;;;;;;;23.2;2023;;;;;;;;;;;;;;;;;;;;;;;;;19.3;18.5;21.5;21.7;22.7;24.8;26.5;27.6;25.7;26.4;23.2;20.9;;;;;;;;;;;;
C447A;;;;;;;;;;;;;18.6;2023;;;;;;;;;;;;;;;;;;;;;;;;;13.9;12.5;17.9;17.0;17.3;20.2;21.5;24.2;20.6;23.2;18.9;16.0;;;;;;;;;;;;
C429I;;;;;;;;;;;;;23.1;2023;;;;;;;;;;;;;;;;;;;;;;;;;19.3;17.7;21.9;21.5;22.3;24.1;26.1;27.5;25.2;27.5;23.5;20.8;;;;;;;;;;;;
2465;;;;;;;;;;;;;13.6;2023;;;;;;;;;;;;;;;;;;;;;;;;;3.9;5.0;10.0;13.4;13.9;19.6;23.5;24.1;18.9;16.3;9.8;5.3;;;;;;;;;;;;
5796;;;;;;;;;;;;;20.1;2023;;;;;;;;;;;;;;;;;;;;;;;;;11.0;12.6;16.3;20.4;21.8;26.7;29.3;30.0;24.2;21.9;15.9;11.5;;;;;;;;;;;;
5783;;;;;;;;;;;;;;2023;;;;;;;;;;;;;;;;;;;;;;;;;10.4;12.2;16.0;21.0;22.0;26.3;29.4;29.9;24.0;22.0;15.7;;;;;;;;;;;;;
2030;;;;;;;;;;;;;13.0;2023;;;;;;;;;;;;;;;;;;;;;;;;;3.9;4.2;9.6;12.5;13.6;18.5;22.2;23.1;18.2;15.1;9.8;5.8;;;;;;;;;;;;
0016A;;;;;;;;;;;;;17.5;2023;;;;;;;;;;;;;;;;;;;;;;;;;8.4;8.8;13.6;15.7;18.4;23.4;26.6;26.9;23.1;20.0;14.6;10.9;;;;;;;;;;;;
9981A;;;;;;;;;;;;;19.6;2023;;;;;;;;;;;;;;;;;;;;;;;;;10.9;10.1;16.1;18.7;21.2;25.4;28.9;29.0;24.4;21.5;16.5;12.6;;;;;;;;;;;;
9381I;;;;;;;;;;;;;13.5;2023;;;;;;;;;;;;;;;;;;;;;;;;;3.1;3.3;9.9;12.6;13.9;19.9;24.3;23.5;19.9;16.1;9.8;5.3;;;;;;;;;;;;
8368U;;;;;;;;;;;;;14.2;2023;;;;;;;;;;;;;;;;;;;;;;;;;4.0;4.3;10.4;13.9;14.7;20.3;25.4;24.7;20.2;16.6;10.3;5.9;;;;;;;;;;;;
3260B;;;;;;;;;;;;;17.5;2023;;;;;;;;;;;;;;;;;;;;;;;;;6.8;8.1;13.6;18.2;19.1;24.6;29.0;29.1;22.3;19.0;12.5;7.4;;;;;;;;;;;;
8416;;;;;;;;;;;;;19.5;2023;;;;;;;;;;;;;;;;;;;;;;;;;11.7;10.8;16.8;17.7;19.4;24.3;27.8;27.9;24.2;22.2;18.0;13.7;;;;;;;;;;;;
8414A;;;;;;;;;;;;;19.1;2023;;;;;;;;;;;;;;;;;;;;;;;;;10.7;9.6;15.9;17.5;19.4;24.5;28.2;28.1;23.8;21.5;17.3;12.3;;;;;;;;;;;;
2422;;;;;;;;;;;;;14.4;2023;;;;;;;;;;;;;;;;;;;;;;;;;4.4;5.7;10.7;14.4;15.8;21.4;24.0;24.7;19.9;16.5;10.3;4.7;;;;;;;;;;;;
2539;;;;;;;;;;;;;;2023;;;;;;;;;;;;;;;;;;;;;;;;;;4.3;;12.3;13.8;19.6;21.8;22.5;18.4;15.3;9.4;4.0;;;;;;;;;;;;
2614;;;;;;;;;;;;;14.9;2023;;;;;;;;;;;;;;;;;;;;;;;;;5.0;5.7;11.2;14.8;16.7;22.1;24.3;25.3;20.3;16.9;11.0;5.2;;;;;;;;;;;;
9390;;;;;;;;;;;;;14.2;2023;;;;;;;;;;;;;;;;;;;;;;;;;4.1;3.9;10.7;13.6;15.0;20.6;24.8;24.5;20.5;16.9;10.6;5.7;;;;;;;;;;;;
9434;;;;;;;;;;;;;17.5;2023;;;;;;;;;;;;;;;;;;;;;;;;;6.8;7.5;14.7;17.3;19.5;24.3;26.8;27.5;23.3;20.2;13.8;8.7;;;;;;;;;;;;
1387;;;;;;;;;;;;;15.9;2024;;;;;;;;;;;;;;;;;;;;;;;;;;;;;;;;;;;;;12.6;13.3;12.3;14.7;15.3;17.4;19.8;20.6;18.4;17.9;16.4;12.4
1387E;;;;;;;;;;;;;14.8;2024;;;;;;;;;;;;;;;;;;;;;;;;;;;;;;;;;;;;;10.9;11.9;11.1;13.5;14.4;17.5;19.2;20.1;17.1;16.9;15.1;10.4
1428;;;;;;;;;;;;;13.8;2024;;;;;;;;;;;;;;;;;;;;;;;;;;;;;;;;;;;;;9.2;10.3;9.3;13.0;13.3;16.6;19.2;20.3;16.0;15.6;13.5;8.8
8175;;;;;;;;;;;;;16.3;2024;;;;;;;;;;;;;;;;;;;;;;;;;;;;;;;;;;;;;8.7;9.8;11.1;14.0;18.1;22.0;27.5;27.4;20.8;16.6;12.7;6.6
8178D;;;;;;;;;;;;;16.8;2024;;;;;;;;;;;;;;;;;;;;;;;;;;;;;;;;;;;;;9.2;10.2;11.5;14.6;18.5;22.2;27.7;27.7;21.2;17.3;13.3;7.7
8025;;;;;;;;;;;;;20.0;2024;;;;;;;;;;;;;;;;;;;;;;;;;;;;;;;;;;;;;14.4;14.8;15.8;17.1;20.6;24.4;27.3;28.0;24.4;21.5;17.9;13.2
8019;;;;;;;;;;;;;19.5;2024;;;;;;;;;;;;;;;;;;;;;;;;;;;;;;;;;;;;;13.8;14.3;15.2;16.6;19.9;23.7;26.8;27.5;24.0;21.0;17.8;13.1
6325O;;;;;;;;;;;;;20.6;2024;;;;;;;;;;;;;;;;;;;;;;;;;;;;;;;;;;;;;14.4;15.7;16.8;18.3;20.1;24.4;27.2;29.3;25.0;21.3;19.2;15.2
9091O;;;;;;;;;;;;;12.7;2024;;;;;;;;;;;;;;;;;;;;;;;;;;;;;;;;;;;;;6.9;7.9;9.7;10.7;12.8;16.9;20.3;20.7;15.4;14.1;10.3;6.9
1212E;;;;;;;;;;;;;14.5;2024;;;;;;;;;;;;;;;;;;;;;;;;;;;;;;;;;;;;;11.0;11.9;11.5;12.9;13.9;16.6;19.1;19.9;16.3;16.1;14.5;10.6
1208H;;;;;;;;;;;;;16.0;2024;;;;;;;;;;;;;;;;;;;;;;;;;;;;;;;;;;;;;12.2;12.9;12.8;14.2;15.4;18.2;20.8;21.7;18.1;17.6;16.0;12.4
1249X;;;;;;;;;;;;;14.3;2024;;;;;;;;;;;;;;;;;;;;;;;;;;;;;;;;;;;;;10.1;11.2;11.1;13.0;14.1;16.7;19.9;20.4;16.3;15.8;14.1;9.0
2444;;;;;;;;;;;;;13.0;2024;;;;;;;;;;;;;;;;;;;;;;;;;;;;;;;;;;;;;7.0;6.8;8.4;10.9;13.3;18.0;23.3;23.8;16.3;13.2;10.4;5.1
4452;;;;;;;;;;;;;18.3;2024;;;;;;;;;;;;;;;;;;;;;;;;;;;;;;;;;;;;;11.2;12.8;13.7;17.1;19.4;23.4;27.6;28.1;22.7;18.7;15.1;9.4
B954;;;;;;;;;;;;;18.8;2024;;;;;;;;;;;;;;;;;;;;;;;;;;;;;;;;;;;;;13.0;13.4;14.8;16.0;19.1;22.8;25.8;27.0;23.2;20.8;17.6;11.9
B893;;;;;;;;;;;;;17.6;2024;;;;;;;;;;;;;;;;;;;;;;;;;;;;;;;;;;;;;11.4;11.6;13.3;14.7;17.9;22.0;24.8;25.7;21.5;20.1;16.4;11.5
B278;;;;;;;;;;;;;18.0;2024;;;;;;;;;;;;;;;;;;;;;;;;;;;;;;;;;;;;;11.8;12.2;13.8;15.3;18.6;22.8;25.7;26.6;22.0;20.4;16.4;10.8
B228;;;;;;;;;;;;;20.1;2024;;;;;;;;;;;;;;;;;;;;;;;;;;;;;;;;;;;;;14.3;14.6;15.8;17.4;20.5;24.2;27.4;28.3;24.2;22.2;18.8;13.8
0200E;;;;;;;;;;;;;17.4;2024;;;;;;;;;;;;;;;;;;;;;;;;;;;;;;;;;;;;;11.1;13.4;13.2;15.1;18.2;21.1;25.7;26.7;20.6;18.0;14.6;10.5
76;;;;;;;;;;;;;17.8;2024;;;;;;;;;;;;;;;;;;;;;;;;;;;;;;;;;;;;;11.3;12.8;13.5;15.0;18.2;21.9;25.3;26.7;21.6;19.5;16.0;11.4
1082;;;;;;;;;;;;;15.8;2024;;;;;;;;;;;;;;;;;;;;;;;;;;;;;;;;;;;;;11.6;12.1;13.1;14.1;15.4;18.5;21.3;22.1;18.2;18.0;14.8;10.9
2331;;;;;;;;;;;;;11.8;2024;;;;;;;;;;;;;;;;;;;;;;;;;;;;;;;;;;;;;5.6;6.8;7.6;9.5;11.8;16.5;21.0;21.6;14.7;12.4;9.2;4.4
3469A;;;;;;;;;;;;;17.5;2024;;;;;;;;;;;;;;;;;;;;;;;;;;;;;;;;;;;;;10.2;11.6;12.3;15.6;18.5;22.6;27.9;28.9;21.9;17.5;14.3;9.2
5973;;;;;;;;;;;;;19.8;2024;;;;;;;;;;;;;;;;;;;;;;;;;;;;;;;;;;;;;15.2;16.2;16.4;18.6;20.2;22.8;25.3;26.2;23.3;20.6;18.8;14.4
5960;;;;;;;;;;;;;18.9;2024;;;;;;;;;;;;;;;;;;;;;;;;;;;;;;;;;;;;;12.6;13.7;14.6;17.1;19.6;22.6;26.6;27.6;23.4;20.0;17.5;11.7
5910;;;;;;;;;;;;;19.2;2024;;;;;;;;;;;;;;;;;;;;;;;;;;;;;;;;;;;;;13.7;14.7;15.7;18.2;19.9;22.7;25.7;26.4;22.9;20.3;17.9;12.5
6001;;;;;;;;;;;;;18.5;2024;;;;;;;;;;;;;;;;;;;;;;;;;;;;;;;;;;;;;14.8;15.1;15.2;16.9;18.0;21.0;22.9;24.6;22.3;19.0;18.1;14.6
1109X;;;;;;;;;;;;;15.4;2024;;;;;;;;;;;;;;;;;;;;;;;;;;;;;;;;;;;;;10.8;11.7;12.2;13.7;15.4;18.1;20.8;21.3;17.8;17.4;15.0;10.9
1111;;;;;;;;;;;;;;2024;;;;;;;;;;;;;;;;;;;;;;;;;;;;;;;;;;;;;11.9;12.2;12.4;13.9;;;;;;;;
1111X;;;;;;;;;;;;;15.5;2024;;;;;;;;;;;;;;;;;;;;;;;;;;;;;;;;;;;;;11.8;12.2;12.4;13.8;14.7;17.5;20.1;21.0;17.8;17.7;15.7;11.7
1109;;;;;;;;;;;;;;2024;;;;;;;;;;;;;;;;;;;;;;;;;;;;;;;;;;;;;11.3;12.2;12.6;14.4;;;;;;;;
8500A;;;;;;;;;;;;;19.3;2024;;;;;;;;;;;;;;;;;;;;;;;;;;;;;;;;;;;;;13.0;14.8;14.9;17.0;20.0;23.7;27.0;27.5;23.3;20.5;16.6;13.0
5000C;;;;;;;;;;;;;19.8;2024;;;;;;;;;;;;;;;;;;;;;;;;;;;;;;;;;;;;;16.0;16.2;15.7;17.9;19.4;22.2;25.3;26.3;23.8;20.6;18.1;15.5
4121;;;;;;;;;;;;;17.3;2024;;;;;;;;;;;;;;;;;;;;;;;;;;;;;;;;;;;;;8.8;10.2;11.8;15.5;19.4;24.0;29.4;29.6;22.0;16.7;12.8;6.8
5402;;;;;;;;;;;;;18.8;2024;;;;;;;;;;;;;;;;;;;;;;;;;;;;;;;;;;;;;11.2;12.5;13.9;17.0;20.5;24.2;28.6;29.5;23.8;19.3;15.4;9.8
8096;;;;;;;;;;;;;15.2;2024;;;;;;;;;;;;;;;;;;;;;;;;;;;;;;;;;;;;;7.7;8.9;9.7;13.3;16.3;21.1;26.4;26.5;19.2;15.2;11.7;6.7
1024E;;;;;;;;;;;;;14.5;2024;;;;;;;;;;;;;;;;;;;;;;;;;;;;;;;;;;;;;10.6;11.1;11.7;13.0;13.8;16.8;19.4;20.2;16.7;16.8;14.1;9.7
1014;;;;;;;;;;;;;15.9;2024;;;;;;;;;;;;;;;;;;;;;;;;;;;;;;;;;;;;;10.7;12.2;13.1;14.3;15.9;19.0;21.6;22.4;18.4;18.0;14.4;10.3
367;;;;;;;;;;;;;16.6;2024;;;;;;;;;;;;;;;;;;;;;;;;;;;;;;;;;;;;;9.1;11.6;13.2;14.4;16.9;21.2;25.4;26.3;19.9;18.2;13.8;8.6
5530E;;;;;;;;;;;;;17.4;2024;;;;;;;;;;;;;;;;;;;;;;;;;;;;;;;;;;;;;9.6;10.7;12.4;15.2;18.8;23.4;28.2;28.5;22.0;17.8;13.8;8.0
5514;;;;;;;;;;;;;17.4;2024;;;;;;;;;;;;;;;;;;;;;;;;;;;;;;;;;;;;;10.2;10.9;12.3;15.2;18.4;22.8;28.1;28.2;21.9;17.8;14.0;8.6
3168D;;;;;;;;;;;;;15.8;2024;;;;;;;;;;;;;;;;;;;;;;;;;;;;;;;;;;;;;8.0;9.5;10.8;13.8;16.8;21.4;27.1;27.4;19.6;16.0;12.0;7.2
3013;;;;;;;;;;;;;12.0;2024;;;;;;;;;;;;;;;;;;;;;;;;;;;;;;;;;;;;;5.3;6.4;7.9;10.2;12.9;17.6;21.9;22.2;15.1;12.5;8.6;3.4
4642E;;;;;;;;;;;;;19.2;2024;;;;;;;;;;;;;;;;;;;;;;;;;;;;;;;;;;;;;13.3;14.5;15.1;18.1;19.9;22.9;26.3;27.2;23.0;20.1;17.3;12.5
9898;;;;;;;;;;;;;15.0;2024;;;;;;;;;;;;;;;;;;;;;;;;;;;;;;;;;;;;;6.8;8.6;10.4;13.2;16.1;21.6;25.9;25.8;18.1;15.5;11.3;6.6
5270B;;;;;;;;;;;;;18.8;2024;;;;;;;;;;;;;;;;;;;;;;;;;;;;;;;;;;;;;11.6;12.0;13.3;17.0;20.1;23.8;29.4;30.0;23.1;18.5;15.9;10.6
9170;;;;;;;;;;;;;15.0;2024;;;;;;;;;;;;;;;;;;;;;;;;;;;;;;;;;;;;;5.8;9.8;11.0;13.4;16.5;20.7;24.7;25.0;18.0;15.5;11.6;7.4
C249I;;;;;;;;;;;;;21.7;2024;;;;;;;;;;;;;;;;;;;;;;;;;;;;;;;;;;;;;19.3;20.1;19.4;21.0;21.3;22.5;24.3;24.4;23.3;22.9;22.0;19.5
C029O;;;;;;;;;;;;;22.4;2024;;;;;;;;;;;;;;;;;;;;;;;;;;;;;;;;;;;;;19.5;20.7;19.5;22.1;22.2;23.0;25.0;26.2;24.4;23.6;22.7;19.6
C649I;;;;;;;;;;;;;22.7;2024;;;;;;;;;;;;;;;;;;;;;;;;;;;;;;;;;;;;;20.8;20.8;20.0;21.9;22.0;23.0;24.7;25.7;24.4;24.0;23.7;21.2
2661;;;;;;;;;;;;;12.1;2024;;;;;;;;;;;;;;;;;;;;;;;;;;;;;;;;;;;;;4.9;7.0;7.6;10.5;11.9;17.2;21.1;21.9;15.0;12.9;10.1;4.5
1549;;;;;;;;;;;;;14.4;2024;;;;;;;;;;;;;;;;;;;;;;;;;;;;;;;;;;;;;6.8;9.4;10.2;13.7;14.6;20.1;23.3;24.1;17.5;15.5;12.2;5.7
9771C;;;;;;;;;;;;;16.6;2024;;;;;;;;;;;;;;;;;;;;;;;;;;;;;;;;;;;;;6.6;9.5;12.8;15.4;18.9;23.5;27.7;27.6;20.3;17.5;12.0;6.8
1505;;;;;;;;;;;;;13.3;2024;;;;;;;;;;;;;;;;;;;;;;;;;;;;;;;;;;;;;8.3;9.7;9.6;12.1;13.0;16.7;19.6;20.5;15.4;15.0;12.3;6.9
3191E;;;;;;;;;;;;;14.6;2024;;;;;;;;;;;;;;;;;;;;;;;;;;;;;;;;;;;;;7.2;8.5;9.0;12.2;15.3;19.8;25.8;26.4;18.5;14.1;11.0;7.3
3129;;;;;;;;;;;;;16.1;2024;;;;;;;;;;;;;;;;;;;;;;;;;;;;;;;;;;;;;7.8;9.5;10.8;13.8;17.6;22.3;27.6;28.1;20.4;16.5;11.9;7.1
3196;;;;;;;;;;;;;16.6;2024;;;;;;;;;;;;;;;;;;;;;;;;;;;;;;;;;;;;;8.6;10.1;11.1;14.6;18.2;22.1;28.0;28.7;20.6;16.5;12.7;8.0
3200;;;;;;;;;;;;;16.8;2024;;;;;;;;;;;;;;;;;;;;;;;;;;;;;;;;;;;;;8.6;10.1;11.5;15.0;18.4;22.7;28.3;29.0;21.1;16.6;12.8;7.5
3195;;;;;;;;;;;;;16.6;2024;;;;;;;;;;;;;;;;;;;;;;;;;;;;;;;;;;;;;8.4;10.1;11.7;15.0;18.3;22.4;28.2;28.5;20.8;15.9;12.5;7.7
3175;;;;;;;;;;;;;15.5;2024;;;;;;;;;;;;;;;;;;;;;;;;;;;;;;;;;;;;;7.6;9.3;10.4;13.1;16.4;21.4;26.5;27.3;19.8;16.0;11.9;6.7
2462;;;;;;;;;;;;;8.9;2024;;;;;;;;;;;;;;;;;;;;;;;;;;;;;;;;;;;;;3.6;2.9;3.1;6.4;8.8;13.3;19.6;20.5;12.4;7.9;5.9;2.1
6155A;;;;;;;;;;;;;;2024;;;;;;;;;;;;;;;;;;;;;;;;;;;;;;;;;;;;;14.1;15.3;15.8;18.1;20.8;24.4;27.0;28.8;25.5;;18.2;14.0
6000A;;;;;;;;;;;;;20.5;2024;;;;;;;;;;;;;;;;;;;;;;;;;;;;;;;;;;;;;15.8;16.7;17.1;18.2;20.4;22.8;26.7;27.6;24.8;21.5;18.7;15.2
7178I;;;;;;;;;;;;;20.9;2024;;;;;;;;;;;;;;;;;;;;;;;;;;;;;;;;;;;;;14.1;15.1;16.5;18.7;22.1;25.5;29.7;29.6;25.7;22.0;18.2;13.2
7228;;;;;;;;;;;;;20.3;2024;;;;;;;;;;;;;;;;;;;;;;;;;;;;;;;;;;;;;13.5;14.3;16.0;18.0;21.5;25.1;29.4;29.2;25.3;21.4;17.3;12.0
7031;;;;;;;;;;;;;19.2;2024;;;;;;;;;;;;;;;;;;;;;;;;;;;;;;;;;;;;;12.9;13.5;15.0;16.2;19.4;23.2;26.4;27.3;24.4;21.1;17.6;12.8
9263D;;;;;;;;;;;;;13.7;2024;;;;;;;;;;;;;;;;;;;;;;;;;;;;;;;;;;;;;6.1;8.5;10.1;12.0;14.4;19.1;22.8;23.1;16.7;14.9;10.8;6.1
9262;;;;;;;;;;;;;14.5;2024;;;;;;;;;;;;;;;;;;;;;;;;;;;;;;;;;;;;;7.2;9.3;11.0;12.7;15.1;19.6;23.1;23.5;17.3;15.9;12.1;7.1
1690A;;;;;;;;;;;;;16.7;2024;;;;;;;;;;;;;;;;;;;;;;;;;;;;;;;;;;;;;10.5;12.4;12.0;15.8;16.6;21.2;24.6;25.8;19.5;17.8;15.0;9.0
1484C;;;;;;;;;;;;;16.1;2024;;;;;;;;;;;;;;;;;;;;;;;;;;;;;;;;;;;;;11.2;12.7;12.0;15.4;15.8;19.6;21.7;22.9;18.4;17.4;15.8;10.6
1495;;;;;;;;;;;;;15.2;2024;;;;;;;;;;;;;;;;;;;;;;;;;;;;;;;;;;;;;10.4;12.0;11.1;14.0;14.6;18.3;21.1;21.9;17.8;16.5;14.9;9.8
2867;;;;;;;;;;;;;13.1;2024;;;;;;;;;;;;;;;;;;;;;;;;;;;;;;;;;;;;;6.4;7.6;8.8;11.4;13.6;18.8;22.4;23.1;16.4;14.1;10.7;4.1
2870;;;;;;;;;;;;;14.9;2024;;;;;;;;;;;;;;;;;;;;;;;;;;;;;;;;;;;;;8.1;9.2;10.3;13.3;15.3;20.0;24.7;25.4;18.3;15.3;12.4;5.9
C929I;;;;;;;;;;;;;22.2;2024;;;;;;;;;;;;;;;;;;;;;;;;;;;;;;;;;;;;;21.1;20.7;20.1;21.6;21.6;22.3;23.2;24.4;23.9;23.5;22.7;20.8
C430E;;;;;;;;;;;;;12.1;2024;;;;;;;;;;;;;;;;;;;;;;;;;;;;;;;;;;;;;8.6;9.3;5.9;10.4;12.1;14.5;20.5;20.6;15.6;12.3;9.7;5.9
C139E;;;;;;;;;;;;;21.4;2024;;;;;;;;;;;;;;;;;;;;;;;;;;;;;;;;;;;;;20.4;20.1;19.0;20.4;20.4;21.4;22.6;24.0;23.2;22.7;22.0;20.1
C449C;;;;;;;;;;;;;22.9;2024;;;;;;;;;;;;;;;;;;;;;;;;;;;;;;;;;;;;;21.1;20.9;20.3;22.0;22.2;23.5;25.9;26.6;24.7;23.7;23.3;20.6
C447A;;;;;;;;;;;;;18.1;2024;;;;;;;;;;;;;;;;;;;;;;;;;;;;;;;;;;;;;16.5;16.5;14.8;18.7;17.3;17.9;20.7;21.5;19.7;19.0;18.6;15.5
C429I;;;;;;;;;;;;;22.4;2024;;;;;;;;;;;;;;;;;;;;;;;;;;;;;;;;;;;;;20.8;21.2;20.0;22.6;22.2;22.6;24.3;25.8;24.1;23.5;22.3;19.6
2465;;;;;;;;;;;;;13.7;2024;;;;;;;;;;;;;;;;;;;;;;;;;;;;;;;;;;;;;7.4;7.6;9.1;11.4;14.0;18.5;24.1;24.7;17.0;14.2;11.4;5.2
5796;;;;;;;;;;;;;19.6;2024;;;;;;;;;;;;;;;;;;;;;;;;;;;;;;;;;;;;;12.7;13.8;14.9;17.9;20.6;23.7;28.4;29.3;24.0;20.1;17.2;12.0
5783;;;;;;;;;;;;;;2024;;;;;;;;;;;;;;;;;;;;;;;;;;;;;;;;;;;;;12.3;13.6;14.8;17.9;21.1;24.4;28.4;29.3;24.0;19.8;;12.1
2030;;;;;;;;;;;;;12.7;2024;;;;;;;;;;;;;;;;;;;;;;;;;;;;;;;;;;;;;5.9;7.5;8.1;10.6;13.2;17.8;22.7;23.3;15.4;12.9;9.8;5.4
0016A;;;;;;;;;;;;;17.3;2024;;;;;;;;;;;;;;;;;;;;;;;;;;;;;;;;;;;;;10.5;12.2;12.5;15.0;18.2;21.5;25.4;26.6;21.1;18.3;14.9;10.9
9981A;;;;;;;;;;;;;19.4;2024;;;;;;;;;;;;;;;;;;;;;;;;;;;;;;;;;;;;;12.4;14.3;15.0;17.8;21.0;24.5;28.2;29.0;23.3;19.7;15.6;11.7
9381I;;;;;;;;;;;;;13.5;2024;;;;;;;;;;;;;;;;;;;;;;;;;;;;;;;;;;;;;6.4;7.6;9.4;11.1;14.6;19.6;24.3;24.1;16.6;14.0;9.9;4.9
8368U;;;;;;;;;;;;;14.3;2024;;;;;;;;;;;;;;;;;;;;;;;;;;;;;;;;;;;;;7.0;7.9;10.1;12.3;16.0;20.3;25.0;24.7;17.8;14.6;10.5;5.7
3260B;;;;;;;;;;;;;17.4;2024;;;;;;;;;;;;;;;;;;;;;;;;;;;;;;;;;;;;;9.2;10.8;12.2;15.5;18.8;23.4;29.0;29.6;21.7;17.2;13.6;7.9
8416;;;;;;;;;;;;;19.9;2024;;;;;;;;;;;;;;;;;;;;;;;;;;;;;;;;;;;;;14.5;15.1;15.4;17.3;20.5;23.7;26.8;27.9;24.1;21.6;18.0;13.6
8414A;;;;;;;;;;;;;19.3;2024;;;;;;;;;;;;;;;;;;;;;;;;;;;;;;;;;;;;;13.3;14.0;14.7;16.9;20.5;23.9;27.3;27.9;23.8;20.8;16.8;12.2
2422;;;;;;;;;;;;;14.2;2024;;;;;;;;;;;;;;;;;;;;;;;;;;;;;;;;;;;;;6.4;8.4;9.8;12.1;14.7;19.8;24.6;25.1;17.8;15.0;11.5;5.0
2539;;;;;;;;;;;;;12.7;2024;;;;;;;;;;;;;;;;;;;;;;;;;;;;;;;;;;;;;5.8;7.3;8.2;10.2;12.5;17.8;22.6;23.0;16.0;13.8;10.5;4.4
2614;;;;;;;;;;;;;14.7;2024;;;;;;;;;;;;;;;;;;;;;;;;;;;;;;;;;;;;;6.6;9.1;10.3;13.2;15.5;20.6;25.1;25.8;18.3;15.3;11.7;5.4
9390;;;;;;;;;;;;;14.2;2024;;;;;;;;;;;;;;;;;;;;;;;;;;;;;;;;;;;;;6.8;8.3;10.2;12.1;15.1;20.1;24.8;24.6;17.1;14.6;10.6;5.6
9434;;;;;;;;;;;;;16.9;2024;;;;;;;;;;;;;;;;;;;;;;;;;;;;;;;;;;;;;7.8;10.9;13.2;15.4;18.8;23.4;27.6;27.4;20.3;17.1;12.5;7.9
